system:index,fire_frequency,plot_id,.geo
00000000000000000138_0_0,0,MAR_350,"{""type"":""MultiPoint"",""coordinates"":[]}"
0000000000000000013c_0_0,2,MAR_354,"{""type"":""MultiPoint"",""coordinates"":[]}"
0000000000000000014d_0_0,2,MAR_372,"{""type"":""MultiPoint"",""coordinates"":[]}"
00000000000000000134_0_0,0,MAR_346,"{""type"":""MultiPoint"",""coordinates"":[]}"
00000000000000000145_0_0,2,MAR_364,"{""type"":""MultiPoint"",""coordinates"":[]}"
00000000000000000149_0_0,0,MAR_368,"{""type"":""MultiPoint"",""coordinates"":[]}"
00000000000000000004_0_0,18,MAR_5,"{""type"":""MultiPoint"",""coordinates"":[]}"
00000000000000000005_0_0,18,MAR_6,"{""type"":""MultiPoint"",""coordinates"":[]}"
00000000000000000006_0_0,18,MAR_7,"{""type"":""MultiPoint"",""coordinates"":[]}"
00000000000000000007_0_0,18,MAR_9,"{""type"":""MultiPoint"",""coordinates"":[]}"
00000000000000000008_0_0,18,MAR_10,"{""type"":""MultiPoint"",""coordinates"":[]}"
00000000000000000009_0_0,18,MAR_11,"{""type"":""MultiPoint"",""coordinates"":[]}"
0000000000000000000a_0_0,18,MAR_12,"{""type"":""MultiPoint"",""coordinates"":[]}"
00000000000000000013_0_0,9,MAR_24,"{""type"":""MultiPoint"",""coordinates"":[]}"
00000000000000000014_0_0,9,MAR_25,"{""type"":""MultiPoint"",""coordinates"":[]}"
00000000000000000016_0_0,14,MAR_27,"{""type"":""MultiPoint"",""coordinates"":[]}"
00000000000000000017_0_0,14,MAR_28,"{""type"":""MultiPoint"",""coordinates"":[]}"
00000000000000000018_0_0,14,MAR_30,"{""type"":""MultiPoint"",""coordinates"":[]}"
00000000000000000019_0_0,14,MAR_31,"{""type"":""MultiPoint"",""coordinates"":[]}"
0000000000000000001a_0_0,9,MAR_32,"{""type"":""MultiPoint"",""coordinates"":[]}"
0000000000000000001b_0_0,9,MAR_33,"{""type"":""MultiPoint"",""coordinates"":[]}"
0000000000000000001c_0_0,9,MAR_34,"{""type"":""MultiPoint"",""coordinates"":[]}"
0000000000000000001d_0_0,9,MAR_35,"{""type"":""MultiPoint"",""coordinates"":[]}"
0000000000000000001e_0_0,9,MAR_36,"{""type"":""MultiPoint"",""coordinates"":[]}"
0000000000000000001f_0_0,9,MAR_37,"{""type"":""MultiPoint"",""coordinates"":[]}"
00000000000000000020_0_0,9,MAR_38,"{""type"":""MultiPoint"",""coordinates"":[]}"
00000000000000000021_0_0,9,MAR_39,"{""type"":""MultiPoint"",""coordinates"":[]}"
00000000000000000022_0_0,9,MAR_40,"{""type"":""MultiPoint"",""coordinates"":[]}"
00000000000000000023_0_0,9,MAR_41,"{""type"":""MultiPoint"",""coordinates"":[]}"
00000000000000000024_0_0,9,MAR_42,"{""type"":""MultiPoint"",""coordinates"":[]}"
00000000000000000025_0_0,9,MAR_43,"{""type"":""MultiPoint"",""coordinates"":[]}"
00000000000000000026_0_0,9,MAR_44,"{""type"":""MultiPoint"",""coordinates"":[]}"
00000000000000000027_0_0,9,MAR_45,"{""type"":""MultiPoint"",""coordinates"":[]}"
00000000000000000028_0_0,9,MAR_46,"{""type"":""MultiPoint"",""coordinates"":[]}"
00000000000000000029_0_0,9,MAR_47,"{""type"":""MultiPoint"",""coordinates"":[]}"
0000000000000000002a_0_0,7,MAR_48,"{""type"":""MultiPoint"",""coordinates"":[]}"
0000000000000000002b_0_0,7,MAR_49,"{""type"":""MultiPoint"",""coordinates"":[]}"
0000000000000000002c_0_0,9,MAR_50,"{""type"":""MultiPoint"",""coordinates"":[]}"
0000000000000000002d_0_0,9,MAR_51,"{""type"":""MultiPoint"",""coordinates"":[]}"
0000000000000000002e_0_0,9,MAR_52,"{""type"":""MultiPoint"",""coordinates"":[]}"
0000000000000000002f_0_0,9,MAR_53,"{""type"":""MultiPoint"",""coordinates"":[]}"
00000000000000000030_0_0,14,MAR_54,"{""type"":""MultiPoint"",""coordinates"":[]}"
00000000000000000031_0_0,7,MAR_56,"{""type"":""MultiPoint"",""coordinates"":[]}"
00000000000000000032_0_0,7,MAR_57,"{""type"":""MultiPoint"",""coordinates"":[]}"
00000000000000000033_0_0,9,MAR_58,"{""type"":""MultiPoint"",""coordinates"":[]}"
00000000000000000034_0_0,7,MAR_59,"{""type"":""MultiPoint"",""coordinates"":[]}"
00000000000000000035_0_0,7,MAR_60,"{""type"":""MultiPoint"",""coordinates"":[]}"
00000000000000000036_0_0,9,MAR_61,"{""type"":""MultiPoint"",""coordinates"":[]}"
00000000000000000037_0_0,9,MAR_62,"{""type"":""MultiPoint"",""coordinates"":[]}"
00000000000000000038_0_0,9,MAR_63,"{""type"":""MultiPoint"",""coordinates"":[]}"
00000000000000000039_0_0,9,MAR_64,"{""type"":""MultiPoint"",""coordinates"":[]}"
0000000000000000003c_0_0,7,MAR_67,"{""type"":""MultiPoint"",""coordinates"":[]}"
0000000000000000003d_0_0,7,MAR_68,"{""type"":""MultiPoint"",""coordinates"":[]}"
0000000000000000003e_0_0,7,MAR_69,"{""type"":""MultiPoint"",""coordinates"":[]}"
0000000000000000003f_0_0,7,MAR_71,"{""type"":""MultiPoint"",""coordinates"":[]}"
00000000000000000040_0_0,7,MAR_72,"{""type"":""MultiPoint"",""coordinates"":[]}"
00000000000000000049_0_0,7,MAR_84,"{""type"":""MultiPoint"",""coordinates"":[]}"
0000000000000000004a_0_0,7,MAR_85,"{""type"":""MultiPoint"",""coordinates"":[]}"
0000000000000000004e_0_0,7,MAR_90,"{""type"":""MultiPoint"",""coordinates"":[]}"
0000000000000000004f_0_0,7,MAR_91,"{""type"":""MultiPoint"",""coordinates"":[]}"
00000000000000000053_0_0,7,MAR_97,"{""type"":""MultiPoint"",""coordinates"":[]}"
00000000000000000054_0_0,7,MAR_99,"{""type"":""MultiPoint"",""coordinates"":[]}"
00000000000000000060_0_0,15,MAR_119,"{""type"":""MultiPoint"",""coordinates"":[]}"
00000000000000000061_0_0,15,MAR_120,"{""type"":""MultiPoint"",""coordinates"":[]}"
00000000000000000062_0_0,15,MAR_121,"{""type"":""MultiPoint"",""coordinates"":[]}"
00000000000000000063_0_0,15,MAR_122,"{""type"":""MultiPoint"",""coordinates"":[]}"
00000000000000000064_0_0,2,MAR_123,"{""type"":""MultiPoint"",""coordinates"":[]}"
00000000000000000065_0_0,5,MAR_124,"{""type"":""MultiPoint"",""coordinates"":[]}"
00000000000000000066_0_0,2,MAR_125,"{""type"":""MultiPoint"",""coordinates"":[]}"
00000000000000000067_0_0,5,MAR_126,"{""type"":""MultiPoint"",""coordinates"":[]}"
00000000000000000068_0_0,5,MAR_127,"{""type"":""MultiPoint"",""coordinates"":[]}"
00000000000000000069_0_0,5,MAR_128,"{""type"":""MultiPoint"",""coordinates"":[]}"
0000000000000000006a_0_0,5,MAR_129,"{""type"":""MultiPoint"",""coordinates"":[]}"
0000000000000000006b_0_0,5,MAR_130,"{""type"":""MultiPoint"",""coordinates"":[]}"
0000000000000000006c_0_0,2,MAR_131,"{""type"":""MultiPoint"",""coordinates"":[]}"
0000000000000000006d_0_0,2,MAR_132,"{""type"":""MultiPoint"",""coordinates"":[]}"
0000000000000000006e_0_0,5,MAR_133,"{""type"":""MultiPoint"",""coordinates"":[]}"
0000000000000000006f_0_0,5,MAR_134,"{""type"":""MultiPoint"",""coordinates"":[]}"
00000000000000000070_0_0,5,MAR_135,"{""type"":""MultiPoint"",""coordinates"":[]}"
00000000000000000071_0_0,5,MAR_136,"{""type"":""MultiPoint"",""coordinates"":[]}"
00000000000000000072_0_0,5,MAR_137,"{""type"":""MultiPoint"",""coordinates"":[]}"
00000000000000000073_0_0,5,MAR_138,"{""type"":""MultiPoint"",""coordinates"":[]}"
00000000000000000074_0_0,5,MAR_139,"{""type"":""MultiPoint"",""coordinates"":[]}"
00000000000000000075_0_0,5,MAR_140,"{""type"":""MultiPoint"",""coordinates"":[]}"
00000000000000000076_0_0,2,MAR_141,"{""type"":""MultiPoint"",""coordinates"":[]}"
00000000000000000077_0_0,2,MAR_142,"{""type"":""MultiPoint"",""coordinates"":[]}"
00000000000000000078_0_0,2,MAR_143,"{""type"":""MultiPoint"",""coordinates"":[]}"
00000000000000000079_0_0,5,MAR_144,"{""type"":""MultiPoint"",""coordinates"":[]}"
0000000000000000007a_0_0,2,MAR_145,"{""type"":""MultiPoint"",""coordinates"":[]}"
0000000000000000007b_0_0,5,MAR_146,"{""type"":""MultiPoint"",""coordinates"":[]}"
0000000000000000007c_0_0,5,MAR_147,"{""type"":""MultiPoint"",""coordinates"":[]}"
0000000000000000007d_0_0,5,MAR_148,"{""type"":""MultiPoint"",""coordinates"":[]}"
0000000000000000007e_0_0,5,MAR_149,"{""type"":""MultiPoint"",""coordinates"":[]}"
0000000000000000007f_0_0,5,MAR_150,"{""type"":""MultiPoint"",""coordinates"":[]}"
000000000000000000cb_0_0,0,MAR_231,"{""type"":""MultiPoint"",""coordinates"":[]}"
000000000000000000cc_0_0,0,MAR_232,"{""type"":""MultiPoint"",""coordinates"":[]}"
000000000000000000cd_0_0,0,MAR_233,"{""type"":""MultiPoint"",""coordinates"":[]}"
000000000000000000ce_0_0,0,MAR_234,"{""type"":""MultiPoint"",""coordinates"":[]}"
000000000000000000cf_0_0,0,MAR_235,"{""type"":""MultiPoint"",""coordinates"":[]}"
000000000000000000d0_0_0,0,MAR_236,"{""type"":""MultiPoint"",""coordinates"":[]}"
000000000000000000d1_0_0,0,MAR_237,"{""type"":""MultiPoint"",""coordinates"":[]}"
000000000000000000d2_0_0,0,MAR_238,"{""type"":""MultiPoint"",""coordinates"":[]}"
000000000000000000d3_0_0,0,MAR_239,"{""type"":""MultiPoint"",""coordinates"":[]}"
000000000000000000d4_0_0,0,MAR_240,"{""type"":""MultiPoint"",""coordinates"":[]}"
000000000000000000d5_0_0,0,MAR_241,"{""type"":""MultiPoint"",""coordinates"":[]}"
000000000000000000d6_0_0,0,MAR_242,"{""type"":""MultiPoint"",""coordinates"":[]}"
000000000000000000d7_0_0,0,MAR_243,"{""type"":""MultiPoint"",""coordinates"":[]}"
000000000000000000d8_0_0,0,MAR_244,"{""type"":""MultiPoint"",""coordinates"":[]}"
000000000000000000d9_0_0,0,MAR_245,"{""type"":""MultiPoint"",""coordinates"":[]}"
000000000000000000da_0_0,0,MAR_246,"{""type"":""MultiPoint"",""coordinates"":[]}"
000000000000000000db_0_0,0,MAR_247,"{""type"":""MultiPoint"",""coordinates"":[]}"
000000000000000000dc_0_0,0,MAR_248,"{""type"":""MultiPoint"",""coordinates"":[]}"
000000000000000000dd_0_0,0,MAR_249,"{""type"":""MultiPoint"",""coordinates"":[]}"
000000000000000000de_0_0,0,MAR_250,"{""type"":""MultiPoint"",""coordinates"":[]}"
000000000000000000df_0_0,0,MAR_251,"{""type"":""MultiPoint"",""coordinates"":[]}"
000000000000000000e0_0_0,0,MAR_252,"{""type"":""MultiPoint"",""coordinates"":[]}"
000000000000000000e1_0_0,0,MAR_253,"{""type"":""MultiPoint"",""coordinates"":[]}"
000000000000000000e2_0_0,0,MAR_254,"{""type"":""MultiPoint"",""coordinates"":[]}"
000000000000000000e3_0_0,0,MAR_255,"{""type"":""MultiPoint"",""coordinates"":[]}"
000000000000000000e4_0_0,0,MAR_256,"{""type"":""MultiPoint"",""coordinates"":[]}"
000000000000000000e5_0_0,0,MAR_257,"{""type"":""MultiPoint"",""coordinates"":[]}"
000000000000000000e6_0_0,0,MAR_258,"{""type"":""MultiPoint"",""coordinates"":[]}"
000000000000000000e7_0_0,0,MAR_259,"{""type"":""MultiPoint"",""coordinates"":[]}"
000000000000000000e8_0_0,0,MAR_260,"{""type"":""MultiPoint"",""coordinates"":[]}"
000000000000000000e9_0_0,0,MAR_261,"{""type"":""MultiPoint"",""coordinates"":[]}"
000000000000000000ea_0_0,0,MAR_262,"{""type"":""MultiPoint"",""coordinates"":[]}"
000000000000000000eb_0_0,0,MAR_263,"{""type"":""MultiPoint"",""coordinates"":[]}"
000000000000000000ec_0_0,0,MAR_264,"{""type"":""MultiPoint"",""coordinates"":[]}"
000000000000000000ed_0_0,0,MAR_265,"{""type"":""MultiPoint"",""coordinates"":[]}"
000000000000000000ee_0_0,0,MAR_266,"{""type"":""MultiPoint"",""coordinates"":[]}"
000000000000000000ef_0_0,0,MAR_267,"{""type"":""MultiPoint"",""coordinates"":[]}"
000000000000000000f0_0_0,0,MAR_268,"{""type"":""MultiPoint"",""coordinates"":[]}"
000000000000000000f1_0_0,0,MAR_269,"{""type"":""MultiPoint"",""coordinates"":[]}"
000000000000000000f2_0_0,0,MAR_270,"{""type"":""MultiPoint"",""coordinates"":[]}"
000000000000000000f3_0_0,0,MAR_271,"{""type"":""MultiPoint"",""coordinates"":[]}"
000000000000000000f4_0_0,0,MAR_272,"{""type"":""MultiPoint"",""coordinates"":[]}"
000000000000000000f5_0_0,0,MAR_273,"{""type"":""MultiPoint"",""coordinates"":[]}"
000000000000000000f6_0_0,0,MAR_275,"{""type"":""MultiPoint"",""coordinates"":[]}"
000000000000000000f7_0_0,0,MAR_276,"{""type"":""MultiPoint"",""coordinates"":[]}"
000000000000000000f8_0_0,0,MAR_277,"{""type"":""MultiPoint"",""coordinates"":[]}"
000000000000000000f9_0_0,0,MAR_278,"{""type"":""MultiPoint"",""coordinates"":[]}"
000000000000000000fa_0_0,0,MAR_279,"{""type"":""MultiPoint"",""coordinates"":[]}"
000000000000000000fb_0_0,0,MAR_280,"{""type"":""MultiPoint"",""coordinates"":[]}"
000000000000000000fc_0_0,0,MAR_281,"{""type"":""MultiPoint"",""coordinates"":[]}"
000000000000000000fd_0_0,0,MAR_282,"{""type"":""MultiPoint"",""coordinates"":[]}"
000000000000000000fe_0_0,0,MAR_283,"{""type"":""MultiPoint"",""coordinates"":[]}"
000000000000000000ff_0_0,0,MAR_288,"{""type"":""MultiPoint"",""coordinates"":[]}"
00000000000000000100_0_0,0,MAR_289,"{""type"":""MultiPoint"",""coordinates"":[]}"
00000000000000000101_0_0,0,MAR_290,"{""type"":""MultiPoint"",""coordinates"":[]}"
00000000000000000102_0_0,4,MAR_291,"{""type"":""MultiPoint"",""coordinates"":[]}"
00000000000000000103_0_0,4,MAR_292,"{""type"":""MultiPoint"",""coordinates"":[]}"
00000000000000000104_0_0,4,MAR_293,"{""type"":""MultiPoint"",""coordinates"":[]}"
00000000000000000105_0_0,0,MAR_294,"{""type"":""MultiPoint"",""coordinates"":[]}"
00000000000000000106_0_0,0,MAR_295,"{""type"":""MultiPoint"",""coordinates"":[]}"
00000000000000000107_0_0,4,MAR_296,"{""type"":""MultiPoint"",""coordinates"":[]}"
00000000000000000108_0_0,4,MAR_297,"{""type"":""MultiPoint"",""coordinates"":[]}"
00000000000000000109_0_0,0,MAR_298,"{""type"":""MultiPoint"",""coordinates"":[]}"
0000000000000000010a_0_0,0,MAR_299,"{""type"":""MultiPoint"",""coordinates"":[]}"
0000000000000000010b_0_0,0,MAR_301,"{""type"":""MultiPoint"",""coordinates"":[]}"
0000000000000000010c_0_0,0,MAR_302,"{""type"":""MultiPoint"",""coordinates"":[]}"
0000000000000000010d_0_0,0,MAR_303,"{""type"":""MultiPoint"",""coordinates"":[]}"
0000000000000000010e_0_0,0,MAR_305,"{""type"":""MultiPoint"",""coordinates"":[]}"
0000000000000000010f_0_0,4,MAR_306,"{""type"":""MultiPoint"",""coordinates"":[]}"
00000000000000000110_0_0,0,MAR_307,"{""type"":""MultiPoint"",""coordinates"":[]}"
00000000000000000111_0_0,3,MAR_309,"{""type"":""MultiPoint"",""coordinates"":[]}"
00000000000000000112_0_0,3,MAR_310,"{""type"":""MultiPoint"",""coordinates"":[]}"
00000000000000000113_0_0,3,MAR_311,"{""type"":""MultiPoint"",""coordinates"":[]}"
00000000000000000114_0_0,3,MAR_312,"{""type"":""MultiPoint"",""coordinates"":[]}"
00000000000000000115_0_0,0,MAR_314,"{""type"":""MultiPoint"",""coordinates"":[]}"
00000000000000000116_0_0,0,MAR_315,"{""type"":""MultiPoint"",""coordinates"":[]}"
00000000000000000117_0_0,0,MAR_316,"{""type"":""MultiPoint"",""coordinates"":[]}"
00000000000000000118_0_0,0,MAR_317,"{""type"":""MultiPoint"",""coordinates"":[]}"
00000000000000000119_0_0,0,MAR_318,"{""type"":""MultiPoint"",""coordinates"":[]}"
0000000000000000011a_0_0,0,MAR_319,"{""type"":""MultiPoint"",""coordinates"":[]}"
0000000000000000011b_0_0,0,MAR_320,"{""type"":""MultiPoint"",""coordinates"":[]}"
0000000000000000011c_0_0,0,MAR_321,"{""type"":""MultiPoint"",""coordinates"":[]}"
0000000000000000011d_0_0,0,MAR_322,"{""type"":""MultiPoint"",""coordinates"":[]}"
0000000000000000011e_0_0,0,MAR_324,"{""type"":""MultiPoint"",""coordinates"":[]}"
0000000000000000011f_0_0,0,MAR_325,"{""type"":""MultiPoint"",""coordinates"":[]}"
00000000000000000120_0_0,0,MAR_326,"{""type"":""MultiPoint"",""coordinates"":[]}"
00000000000000000121_0_0,0,MAR_327,"{""type"":""MultiPoint"",""coordinates"":[]}"
00000000000000000122_0_0,0,MAR_328,"{""type"":""MultiPoint"",""coordinates"":[]}"
00000000000000000123_0_0,0,MAR_329,"{""type"":""MultiPoint"",""coordinates"":[]}"
00000000000000000124_0_0,0,MAR_330,"{""type"":""MultiPoint"",""coordinates"":[]}"
00000000000000000125_0_0,0,MAR_331,"{""type"":""MultiPoint"",""coordinates"":[]}"
00000000000000000126_0_0,0,MAR_332,"{""type"":""MultiPoint"",""coordinates"":[]}"
00000000000000000127_0_0,0,MAR_333,"{""type"":""MultiPoint"",""coordinates"":[]}"
00000000000000000128_0_0,0,MAR_334,"{""type"":""MultiPoint"",""coordinates"":[]}"
00000000000000000129_0_0,1,MAR_335,"{""type"":""MultiPoint"",""coordinates"":[]}"
0000000000000000012a_0_0,1,MAR_336,"{""type"":""MultiPoint"",""coordinates"":[]}"
0000000000000000012b_0_0,1,MAR_337,"{""type"":""MultiPoint"",""coordinates"":[]}"
0000000000000000012c_0_0,1,MAR_338,"{""type"":""MultiPoint"",""coordinates"":[]}"
0000000000000000012d_0_0,0,MAR_339,"{""type"":""MultiPoint"",""coordinates"":[]}"
0000000000000000012e_0_0,0,MAR_340,"{""type"":""MultiPoint"",""coordinates"":[]}"
0000000000000000012f_0_0,0,MAR_341,"{""type"":""MultiPoint"",""coordinates"":[]}"
00000000000000000130_0_0,0,MAR_342,"{""type"":""MultiPoint"",""coordinates"":[]}"
00000000000000000131_0_0,0,MAR_343,"{""type"":""MultiPoint"",""coordinates"":[]}"
00000000000000000132_0_0,0,MAR_344,"{""type"":""MultiPoint"",""coordinates"":[]}"
00000000000000000133_0_0,0,MAR_345,"{""type"":""MultiPoint"",""coordinates"":[]}"
00000000000000000135_0_0,0,MAR_347,"{""type"":""MultiPoint"",""coordinates"":[]}"
00000000000000000137_0_0,0,MAR_349,"{""type"":""MultiPoint"",""coordinates"":[]}"
00000000000000000139_0_0,0,MAR_351,"{""type"":""MultiPoint"",""coordinates"":[]}"
0000000000000000013b_0_0,0,MAR_353,"{""type"":""MultiPoint"",""coordinates"":[]}"
0000000000000000013d_0_0,0,MAR_355,"{""type"":""MultiPoint"",""coordinates"":[]}"
0000000000000000013f_0_0,0,MAR_357,"{""type"":""MultiPoint"",""coordinates"":[]}"
00000000000000000140_0_0,0,MAR_359,"{""type"":""MultiPoint"",""coordinates"":[]}"
00000000000000000141_0_0,0,MAR_360,"{""type"":""MultiPoint"",""coordinates"":[]}"
00000000000000000142_0_0,0,MAR_361,"{""type"":""MultiPoint"",""coordinates"":[]}"
00000000000000000146_0_0,0,MAR_365,"{""type"":""MultiPoint"",""coordinates"":[]}"
00000000000000000147_0_0,0,MAR_366,"{""type"":""MultiPoint"",""coordinates"":[]}"
00000000000000000148_0_0,0,MAR_367,"{""type"":""MultiPoint"",""coordinates"":[]}"
0000000000000000014c_0_0,0,MAR_371,"{""type"":""MultiPoint"",""coordinates"":[]}"
00000000000000000150_0_0,0,MAR_375,"{""type"":""MultiPoint"",""coordinates"":[]}"
00000000000000000151_0_0,0,MAR_376,"{""type"":""MultiPoint"",""coordinates"":[]}"
00000000000000000153_0_0,0,MAR_378,"{""type"":""MultiPoint"",""coordinates"":[]}"
00000000000000000154_0_0,0,MAR_379,"{""type"":""MultiPoint"",""coordinates"":[]}"
00000000000000000157_0_0,0,MAR_382,"{""type"":""MultiPoint"",""coordinates"":[]}"
00000000000000000158_0_0,0,MAR_383,"{""type"":""MultiPoint"",""coordinates"":[]}"
00000000000000000159_0_0,0,MAR_384,"{""type"":""MultiPoint"",""coordinates"":[]}"
0000000000000000015a_0_0,0,MAR_385,"{""type"":""MultiPoint"",""coordinates"":[]}"
0000000000000000015b_0_0,0,MAR_386,"{""type"":""MultiPoint"",""coordinates"":[]}"
0000000000000000015c_0_0,0,MAR_387,"{""type"":""MultiPoint"",""coordinates"":[]}"
0000000000000000015d_0_0,0,MAR_388,"{""type"":""MultiPoint"",""coordinates"":[]}"
0000000000000000015e_0_0,0,MAR_389,"{""type"":""MultiPoint"",""coordinates"":[]}"
0000000000000000015f_0_0,0,MAR_390,"{""type"":""MultiPoint"",""coordinates"":[]}"
00000000000000000160_0_0,0,MAR_391,"{""type"":""MultiPoint"",""coordinates"":[]}"
00000000000000000161_0_0,0,MAR_392,"{""type"":""MultiPoint"",""coordinates"":[]}"
00000000000000000162_0_0,0,MAR_393,"{""type"":""MultiPoint"",""coordinates"":[]}"
00000000000000000163_0_0,0,MAR_394,"{""type"":""MultiPoint"",""coordinates"":[]}"
00000000000000000164_0_0,0,MAR_395,"{""type"":""MultiPoint"",""coordinates"":[]}"
00000000000000000165_0_0,0,MAR_396,"{""type"":""MultiPoint"",""coordinates"":[]}"
00000000000000000166_0_0,0,MAR_397,"{""type"":""MultiPoint"",""coordinates"":[]}"
00000000000000000167_0_0,0,MAR_398,"{""type"":""MultiPoint"",""coordinates"":[]}"
00000000000000000168_0_0,0,MAR_399,"{""type"":""MultiPoint"",""coordinates"":[]}"
00000000000000000169_0_0,0,MAR_400,"{""type"":""MultiPoint"",""coordinates"":[]}"
0000000000000000016a_0_0,0,MAR_401,"{""type"":""MultiPoint"",""coordinates"":[]}"
0000000000000000016b_0_0,0,MAR_402,"{""type"":""MultiPoint"",""coordinates"":[]}"
0000000000000000016c_0_0,0,MAR_403,"{""type"":""MultiPoint"",""coordinates"":[]}"
0000000000000000016d_0_0,0,MAR_404,"{""type"":""MultiPoint"",""coordinates"":[]}"
00000000000000000136_0_0,2,MAR_348,"{""type"":""MultiPoint"",""coordinates"":[]}"
0000000000000000013a_0_0,0,MAR_352,"{""type"":""MultiPoint"",""coordinates"":[]}"
0000000000000000013e_0_0,0,MAR_356,"{""type"":""MultiPoint"",""coordinates"":[]}"
00000000000000000143_0_0,2,MAR_362,"{""type"":""MultiPoint"",""coordinates"":[]}"
00000000000000000144_0_0,2,MAR_363,"{""type"":""MultiPoint"",""coordinates"":[]}"
0000000000000000014a_0_0,2,MAR_369,"{""type"":""MultiPoint"",""coordinates"":[]}"
0000000000000000014b_0_0,2,MAR_370,"{""type"":""MultiPoint"",""coordinates"":[]}"
0000000000000000014e_0_0,2,MAR_373,"{""type"":""MultiPoint"",""coordinates"":[]}"
0000000000000000014f_0_0,2,MAR_374,"{""type"":""MultiPoint"",""coordinates"":[]}"
00000000000000000152_0_0,2,MAR_377,"{""type"":""MultiPoint"",""coordinates"":[]}"
00000000000000000155_0_0,2,MAR_380,"{""type"":""MultiPoint"",""coordinates"":[]}"
00000000000000000156_0_0,2,MAR_381,"{""type"":""MultiPoint"",""coordinates"":[]}"
