system:index,bd_mean_0_20,bd_mean_20_50,bd_stdev_0_20,bd_stdev_20_50,calcium_extractable_mean_0_20,calcium_extractable_mean_20_50,calcium_extractable_stdev_0_20,calcium_extractable_stdev_20_50,cec_mean_0_20,cec_mean_20_50,cec_stdev_0_20,cec_stdev_20_50,clay_mean_0_20,clay_mean_20_50,clay_stdev_0_20,clay_stdev_20_50,iron_extractable_mean_0_20,iron_extractable_mean_20_50,iron_extractable_stdev_0_20,iron_extractable_stdev_20_50,magnesium_extractable_mean_0_20,magnesium_extractable_mean_20_50,magnesium_extractable_stdev_0_20,magnesium_extractable_stdev_20_50,nitrogen_total_mean_0_20,nitrogen_total_mean_20_50,nitrogen_total_stdev_0_20,nitrogen_total_stdev_20_50,ph_mean_0_20,ph_mean_20_50,ph_stdev_0_20,ph_stdev_20_50,phosphorus_extractable_mean_0_20,phosphorus_extractable_mean_20_50,phosphorus_extractable_stdev_0_20,phosphorus_extractable_stdev_20_50,plot_id,potassium_extractable_mean_0_20,potassium_extractable_mean_20_50,potassium_extractable_stdev_0_20,potassium_extractable_stdev_20_50,sand_mean_0_20,sand_mean_20_50,sand_stdev_0_20,sand_stdev_20_50,silt_mean_0_20,silt_mean_20_50,silt_stdev_0_20,silt_stdev_20_50,soc_mean_0_20,soc_mean_20_50,soc_stdev_0_20,soc_stdev_20_50,sulfur_extractable_mean_0_20,sulfur_extractable_mean_20_50,sulfur_extractable_stdev_0_20,sulfur_extractable_stdev_20_50,zinc_extractable_mean_0_20,zinc_extractable_mean_20_50,zinc_extractable_stdev_0_20,zinc_extractable_stdev_20_50,.geo
00000000000000000138_0_0,141,144,4,4,68,67,2,1,26,26,1,1,20,22,2,3,42,31,3,3,54,55,2,2,57,41,9,11,63,64,2,2,22,20,1,0,MAR_350,46,44,2,2,66,62,3,4,12,11,2,2,20,16,2,2,17,13,3,6,16,15,1,2,"{""type"":""MultiPoint"",""coordinates"":[]}"
0000000000000000013c_0_0,143,145,3,3,68,68,1,1,24,24,0,0,18,21,4,4,44,33,4,4,53,54,1,1,61,49,9,10,67,68,1,1,22,20,1,1,MAR_354,48,47,2,2,68,68,3,2,13,13,2,2,19,14,1,1,16,12,4,6,14,13,2,3,"{""type"":""MultiPoint"",""coordinates"":[]}"
0000000000000000014d_0_0,143,145,3,3,68,68,1,1,24,24,0,0,18,21,4,4,44,33,4,4,53,54,1,1,61,49,9,10,67,68,1,1,22,20,1,1,MAR_372,48,47,2,2,68,68,3,2,13,13,2,2,19,14,1,1,16,12,4,6,14,13,2,3,"{""type"":""MultiPoint"",""coordinates"":[]}"
00000000000000000134_0_0,141,144,4,4,68,67,2,1,26,26,1,1,20,22,2,3,42,31,3,3,54,55,2,2,57,41,9,11,63,64,2,2,22,20,1,0,MAR_346,46,44,2,2,66,62,3,4,12,11,2,2,20,16,2,2,17,13,3,6,16,15,1,2,"{""type"":""MultiPoint"",""coordinates"":[]}"
00000000000000000145_0_0,143,145,3,3,68,68,1,1,24,24,0,0,18,21,4,4,44,33,4,4,53,54,1,1,61,49,9,10,67,68,1,1,22,20,1,1,MAR_364,48,47,2,2,68,68,3,2,13,13,2,2,19,14,1,1,16,12,4,6,14,13,2,3,"{""type"":""MultiPoint"",""coordinates"":[]}"
00000000000000000149_0_0,141,144,4,4,68,67,2,1,26,26,1,1,20,22,2,3,42,31,3,3,54,55,2,2,57,41,9,11,63,64,2,2,22,20,1,0,MAR_368,46,44,2,2,66,62,3,4,12,11,2,2,20,16,2,2,17,13,3,6,16,15,1,2,"{""type"":""MultiPoint"",""coordinates"":[]}"
00000000000000000004_0_0,133,136,5,6,64,62,2,2,26,26,1,2,24,30,3,3,43,34,4,4,54,54,3,3,75,56,9,8,60,60,1,1,25,23,2,2,MAR_5,47,45,1,1,57,54,4,2,14,14,2,2,24,19,1,1,14,11,5,6,11,10,2,3,"{""type"":""MultiPoint"",""coordinates"":[]}"
00000000000000000005_0_0,133,136,5,6,64,62,2,2,26,26,1,2,24,30,3,3,43,34,4,4,54,54,3,3,75,56,9,8,60,60,1,1,25,23,2,2,MAR_6,47,45,1,1,57,54,4,2,14,14,2,2,24,19,1,1,14,11,5,6,11,10,2,3,"{""type"":""MultiPoint"",""coordinates"":[]}"
00000000000000000006_0_0,133,136,5,6,64,62,2,2,26,26,1,2,24,30,3,3,43,34,4,4,54,54,3,3,75,56,9,8,60,60,1,1,25,23,2,2,MAR_7,47,45,1,1,57,54,4,2,14,14,2,2,24,19,1,1,14,11,5,6,11,10,2,3,"{""type"":""MultiPoint"",""coordinates"":[]}"
00000000000000000007_0_0,133,136,5,6,64,62,2,2,26,26,1,2,24,30,3,3,43,34,4,4,54,54,3,3,75,56,9,8,60,60,1,1,25,23,2,2,MAR_9,47,45,1,1,57,54,4,2,14,14,2,2,24,19,1,1,14,11,5,6,11,10,2,3,"{""type"":""MultiPoint"",""coordinates"":[]}"
00000000000000000008_0_0,133,136,5,6,64,62,2,2,26,26,1,2,24,30,3,3,43,34,4,4,54,54,3,3,75,56,9,8,60,60,1,1,25,23,2,2,MAR_10,47,45,1,1,57,54,4,2,14,14,2,2,24,19,1,1,14,11,5,6,11,10,2,3,"{""type"":""MultiPoint"",""coordinates"":[]}"
00000000000000000009_0_0,133,136,5,6,64,62,2,2,26,26,1,2,24,30,3,3,43,34,4,4,54,54,3,3,75,56,9,8,60,60,1,1,25,23,2,2,MAR_11,47,45,1,1,57,54,4,2,14,14,2,2,24,19,1,1,14,11,5,6,11,10,2,3,"{""type"":""MultiPoint"",""coordinates"":[]}"
0000000000000000000a_0_0,133,136,5,6,64,62,2,2,26,26,1,2,24,30,3,3,43,34,4,4,54,54,3,3,75,56,9,8,60,60,1,1,25,23,2,2,MAR_12,47,45,1,1,57,54,4,2,14,14,2,2,24,19,1,1,14,11,5,6,11,10,2,3,"{""type"":""MultiPoint"",""coordinates"":[]}"
00000000000000000013_0_0,133,135,4,4,70,70,1,1,26,26,1,1,24,28,1,2,43,33,4,4,55,55,3,4,73,54,9,6,60,60,1,1,26,24,2,2,MAR_24,47,44,2,3,54,50,5,6,16,15,2,2,24,19,1,1,14,11,5,7,11,10,2,2,"{""type"":""MultiPoint"",""coordinates"":[]}"
00000000000000000014_0_0,133,135,4,4,70,70,1,1,26,26,1,1,24,28,1,2,43,33,4,4,55,55,3,4,73,54,9,6,60,60,1,1,26,24,2,2,MAR_25,47,44,2,3,54,50,5,6,16,15,2,2,24,19,1,1,14,11,5,7,11,10,2,2,"{""type"":""MultiPoint"",""coordinates"":[]}"
00000000000000000016_0_0,136,136,3,1,66,64,3,4,25,26,2,2,24,29,2,2,42,32,4,3,52,52,1,1,65,48,3,6,59,58,1,0,24,21,2,1,MAR_27,47,44,1,2,60,55,2,1,14,14,2,2,23,18,1,1,14,10,4,6,12,10,3,3,"{""type"":""MultiPoint"",""coordinates"":[]}"
00000000000000000017_0_0,136,136,3,1,66,64,3,4,25,26,2,2,24,29,2,2,42,32,4,3,52,52,1,1,65,48,3,6,59,58,1,0,24,21,2,1,MAR_28,47,44,1,2,60,55,2,1,14,14,2,2,23,18,1,1,14,10,4,6,12,10,3,3,"{""type"":""MultiPoint"",""coordinates"":[]}"
00000000000000000018_0_0,136,136,3,1,66,64,3,4,25,26,2,2,24,29,2,2,42,32,4,3,52,52,1,1,65,48,3,6,59,58,1,0,24,21,2,1,MAR_30,47,44,1,2,60,55,2,1,14,14,2,2,23,18,1,1,14,10,4,6,12,10,3,3,"{""type"":""MultiPoint"",""coordinates"":[]}"
00000000000000000019_0_0,136,136,3,1,66,64,3,4,25,26,2,2,24,29,2,2,42,32,4,3,52,52,1,1,65,48,3,6,59,58,1,0,24,21,2,1,MAR_31,47,44,1,2,60,55,2,1,14,14,2,2,23,18,1,1,14,10,4,6,12,10,3,3,"{""type"":""MultiPoint"",""coordinates"":[]}"
0000000000000000001a_0_0,133,135,4,4,70,70,1,1,26,26,1,1,24,28,1,2,43,33,4,4,55,55,3,4,73,54,9,6,60,60,1,1,26,24,2,2,MAR_32,47,44,2,3,54,50,5,6,16,15,2,2,24,19,1,1,14,11,5,7,11,10,2,2,"{""type"":""MultiPoint"",""coordinates"":[]}"
0000000000000000001b_0_0,133,135,4,4,70,70,1,1,26,26,1,1,24,28,1,2,43,33,4,4,55,55,3,4,73,54,9,6,60,60,1,1,26,24,2,2,MAR_33,47,44,2,3,54,50,5,6,16,15,2,2,24,19,1,1,14,11,5,7,11,10,2,2,"{""type"":""MultiPoint"",""coordinates"":[]}"
0000000000000000001c_0_0,133,135,4,4,70,70,1,1,26,26,1,1,24,28,1,2,43,33,4,4,55,55,3,4,73,54,9,6,60,60,1,1,26,24,2,2,MAR_34,47,44,2,3,54,50,5,6,16,15,2,2,24,19,1,1,14,11,5,7,11,10,2,2,"{""type"":""MultiPoint"",""coordinates"":[]}"
0000000000000000001d_0_0,133,135,4,4,70,70,1,1,26,26,1,1,24,28,1,2,43,33,4,4,55,55,3,4,73,54,9,6,60,60,1,1,26,24,2,2,MAR_35,47,44,2,3,54,50,5,6,16,15,2,2,24,19,1,1,14,11,5,7,11,10,2,2,"{""type"":""MultiPoint"",""coordinates"":[]}"
0000000000000000001e_0_0,133,135,4,4,70,70,1,1,26,26,1,1,24,28,1,2,43,33,4,4,55,55,3,4,73,54,9,6,60,60,1,1,26,24,2,2,MAR_36,47,44,2,3,54,50,5,6,16,15,2,2,24,19,1,1,14,11,5,7,11,10,2,2,"{""type"":""MultiPoint"",""coordinates"":[]}"
0000000000000000001f_0_0,133,135,4,4,70,70,1,1,26,26,1,1,24,28,1,2,43,33,4,4,55,55,3,4,73,54,9,6,60,60,1,1,26,24,2,2,MAR_37,47,44,2,3,54,50,5,6,16,15,2,2,24,19,1,1,14,11,5,7,11,10,2,2,"{""type"":""MultiPoint"",""coordinates"":[]}"
00000000000000000020_0_0,133,135,4,4,70,70,1,1,26,26,1,1,24,28,1,2,43,33,4,4,55,55,3,4,73,54,9,6,60,60,1,1,26,24,2,2,MAR_38,47,44,2,3,54,50,5,6,16,15,2,2,24,19,1,1,14,11,5,7,11,10,2,2,"{""type"":""MultiPoint"",""coordinates"":[]}"
00000000000000000021_0_0,133,135,4,4,70,70,1,1,26,26,1,1,24,28,1,2,43,33,4,4,55,55,3,4,73,54,9,6,60,60,1,1,26,24,2,2,MAR_39,47,44,2,3,54,50,5,6,16,15,2,2,24,19,1,1,14,11,5,7,11,10,2,2,"{""type"":""MultiPoint"",""coordinates"":[]}"
00000000000000000022_0_0,133,135,4,4,70,70,1,1,26,26,1,1,24,28,1,2,43,33,4,4,55,55,3,4,73,54,9,6,60,60,1,1,26,24,2,2,MAR_40,47,44,2,3,54,50,5,6,16,15,2,2,24,19,1,1,14,11,5,7,11,10,2,2,"{""type"":""MultiPoint"",""coordinates"":[]}"
00000000000000000023_0_0,133,135,4,4,70,70,1,1,26,26,1,1,24,28,1,2,43,33,4,4,55,55,3,4,73,54,9,6,60,60,1,1,26,24,2,2,MAR_41,47,44,2,3,54,50,5,6,16,15,2,2,24,19,1,1,14,11,5,7,11,10,2,2,"{""type"":""MultiPoint"",""coordinates"":[]}"
00000000000000000024_0_0,133,135,4,4,70,70,1,1,26,26,1,1,24,28,1,2,43,33,4,4,55,55,3,4,73,54,9,6,60,60,1,1,26,24,2,2,MAR_42,47,44,2,3,54,50,5,6,16,15,2,2,24,19,1,1,14,11,5,7,11,10,2,2,"{""type"":""MultiPoint"",""coordinates"":[]}"
00000000000000000025_0_0,133,135,4,4,70,70,1,1,26,26,1,1,24,28,1,2,43,33,4,4,55,55,3,4,73,54,9,6,60,60,1,1,26,24,2,2,MAR_43,47,44,2,3,54,50,5,6,16,15,2,2,24,19,1,1,14,11,5,7,11,10,2,2,"{""type"":""MultiPoint"",""coordinates"":[]}"
00000000000000000026_0_0,133,135,4,4,70,70,1,1,26,26,1,1,24,28,1,2,43,33,4,4,55,55,3,4,73,54,9,6,60,60,1,1,26,24,2,2,MAR_44,47,44,2,3,54,50,5,6,16,15,2,2,24,19,1,1,14,11,5,7,11,10,2,2,"{""type"":""MultiPoint"",""coordinates"":[]}"
00000000000000000027_0_0,133,135,4,4,70,70,1,1,26,26,1,1,24,28,1,2,43,33,4,4,55,55,3,4,73,54,9,6,60,60,1,1,26,24,2,2,MAR_45,47,44,2,3,54,50,5,6,16,15,2,2,24,19,1,1,14,11,5,7,11,10,2,2,"{""type"":""MultiPoint"",""coordinates"":[]}"
00000000000000000028_0_0,133,135,4,4,70,70,1,1,26,26,1,1,24,28,1,2,43,33,4,4,55,55,3,4,73,54,9,6,60,60,1,1,26,24,2,2,MAR_46,47,44,2,3,54,50,5,6,16,15,2,2,24,19,1,1,14,11,5,7,11,10,2,2,"{""type"":""MultiPoint"",""coordinates"":[]}"
00000000000000000029_0_0,133,135,4,4,70,70,1,1,26,26,1,1,24,28,1,2,43,33,4,4,55,55,3,4,73,54,9,6,60,60,1,1,26,24,2,2,MAR_47,47,44,2,3,54,50,5,6,16,15,2,2,24,19,1,1,14,11,5,7,11,10,2,2,"{""type"":""MultiPoint"",""coordinates"":[]}"
0000000000000000002a_0_0,139,140,4,3,65,64,1,1,25,25,1,0,22,27,3,2,43,33,4,4,52,53,1,1,67,52,7,6,58,58,1,1,24,22,1,0,MAR_48,45,44,2,2,59,55,3,4,13,13,2,2,23,19,1,1,13,10,3,6,9,8,2,2,"{""type"":""MultiPoint"",""coordinates"":[]}"
0000000000000000002b_0_0,139,140,4,3,65,64,1,1,25,25,1,0,22,27,3,2,43,33,4,4,52,53,1,1,67,52,7,6,58,58,1,1,24,22,1,0,MAR_49,45,44,2,2,59,55,3,4,13,13,2,2,23,19,1,1,13,10,3,6,9,8,2,2,"{""type"":""MultiPoint"",""coordinates"":[]}"
0000000000000000002c_0_0,133,135,4,4,70,70,1,1,26,26,1,1,24,28,1,2,43,33,4,4,55,55,3,4,73,54,9,6,60,60,1,1,26,24,2,2,MAR_50,47,44,2,3,54,50,5,6,16,15,2,2,24,19,1,1,14,11,5,7,11,10,2,2,"{""type"":""MultiPoint"",""coordinates"":[]}"
0000000000000000002d_0_0,133,135,4,4,70,70,1,1,26,26,1,1,24,28,1,2,43,33,4,4,55,55,3,4,73,54,9,6,60,60,1,1,26,24,2,2,MAR_51,47,44,2,3,54,50,5,6,16,15,2,2,24,19,1,1,14,11,5,7,11,10,2,2,"{""type"":""MultiPoint"",""coordinates"":[]}"
0000000000000000002e_0_0,133,135,4,4,70,70,1,1,26,26,1,1,24,28,1,2,43,33,4,4,55,55,3,4,73,54,9,6,60,60,1,1,26,24,2,2,MAR_52,47,44,2,3,54,50,5,6,16,15,2,2,24,19,1,1,14,11,5,7,11,10,2,2,"{""type"":""MultiPoint"",""coordinates"":[]}"
0000000000000000002f_0_0,133,135,4,4,70,70,1,1,26,26,1,1,24,28,1,2,43,33,4,4,55,55,3,4,73,54,9,6,60,60,1,1,26,24,2,2,MAR_53,47,44,2,3,54,50,5,6,16,15,2,2,24,19,1,1,14,11,5,7,11,10,2,2,"{""type"":""MultiPoint"",""coordinates"":[]}"
00000000000000000030_0_0,136,136,3,1,66,64,3,4,25,26,2,2,24,29,2,2,42,32,4,3,52,52,1,1,65,48,3,6,59,58,1,0,24,21,2,1,MAR_54,47,44,1,2,60,55,2,1,14,14,2,2,23,18,1,1,14,10,4,6,12,10,3,3,"{""type"":""MultiPoint"",""coordinates"":[]}"
00000000000000000031_0_0,139,140,4,3,65,64,1,1,25,25,1,0,22,27,3,2,43,33,4,4,52,53,1,1,67,52,7,6,58,58,1,1,24,22,1,0,MAR_56,45,44,2,2,59,55,3,4,13,13,2,2,23,19,1,1,13,10,3,6,9,8,2,2,"{""type"":""MultiPoint"",""coordinates"":[]}"
00000000000000000032_0_0,139,140,4,3,65,64,1,1,25,25,1,0,22,27,3,2,43,33,4,4,52,53,1,1,67,52,7,6,58,58,1,1,24,22,1,0,MAR_57,45,44,2,2,59,55,3,4,13,13,2,2,23,19,1,1,13,10,3,6,9,8,2,2,"{""type"":""MultiPoint"",""coordinates"":[]}"
00000000000000000033_0_0,133,135,4,4,70,70,1,1,26,26,1,1,24,28,1,2,43,33,4,4,55,55,3,4,73,54,9,6,60,60,1,1,26,24,2,2,MAR_58,47,44,2,3,54,50,5,6,16,15,2,2,24,19,1,1,14,11,5,7,11,10,2,2,"{""type"":""MultiPoint"",""coordinates"":[]}"
00000000000000000034_0_0,139,140,4,3,65,64,1,1,25,25,1,0,22,27,3,2,43,33,4,4,52,53,1,1,67,52,7,6,58,58,1,1,24,22,1,0,MAR_59,45,44,2,2,59,55,3,4,13,13,2,2,23,19,1,1,13,10,3,6,9,8,2,2,"{""type"":""MultiPoint"",""coordinates"":[]}"
00000000000000000035_0_0,139,140,4,3,65,64,1,1,25,25,1,0,22,27,3,2,43,33,4,4,52,53,1,1,67,52,7,6,58,58,1,1,24,22,1,0,MAR_60,45,44,2,2,59,55,3,4,13,13,2,2,23,19,1,1,13,10,3,6,9,8,2,2,"{""type"":""MultiPoint"",""coordinates"":[]}"
00000000000000000036_0_0,133,135,4,4,70,70,1,1,26,26,1,1,24,28,1,2,43,33,4,4,55,55,3,4,73,54,9,6,60,60,1,1,26,24,2,2,MAR_61,47,44,2,3,54,50,5,6,16,15,2,2,24,19,1,1,14,11,5,7,11,10,2,2,"{""type"":""MultiPoint"",""coordinates"":[]}"
00000000000000000037_0_0,133,135,4,4,70,70,1,1,26,26,1,1,24,28,1,2,43,33,4,4,55,55,3,4,73,54,9,6,60,60,1,1,26,24,2,2,MAR_62,47,44,2,3,54,50,5,6,16,15,2,2,24,19,1,1,14,11,5,7,11,10,2,2,"{""type"":""MultiPoint"",""coordinates"":[]}"
00000000000000000038_0_0,133,135,4,4,70,70,1,1,26,26,1,1,24,28,1,2,43,33,4,4,55,55,3,4,73,54,9,6,60,60,1,1,26,24,2,2,MAR_63,47,44,2,3,54,50,5,6,16,15,2,2,24,19,1,1,14,11,5,7,11,10,2,2,"{""type"":""MultiPoint"",""coordinates"":[]}"
00000000000000000039_0_0,133,135,4,4,70,70,1,1,26,26,1,1,24,28,1,2,43,33,4,4,55,55,3,4,73,54,9,6,60,60,1,1,26,24,2,2,MAR_64,47,44,2,3,54,50,5,6,16,15,2,2,24,19,1,1,14,11,5,7,11,10,2,2,"{""type"":""MultiPoint"",""coordinates"":[]}"
0000000000000000003c_0_0,135,138,2,1,69,68,2,2,27,28,2,2,23,27,4,3,43,34,4,4,54,55,2,2,72,56,4,6,60,60,3,2,24,21,2,0,MAR_67,48,45,1,2,57,54,4,3,13,13,2,2,26,21,1,1,14,11,4,6,11,9,2,2,"{""type"":""MultiPoint"",""coordinates"":[]}"
0000000000000000003d_0_0,135,138,2,1,69,68,2,2,27,28,2,2,23,27,4,3,43,34,4,4,54,55,2,2,72,56,4,6,60,60,3,2,24,21,2,0,MAR_68,48,45,1,2,57,54,4,3,13,13,2,2,26,21,1,1,14,11,4,6,11,9,2,2,"{""type"":""MultiPoint"",""coordinates"":[]}"
0000000000000000003e_0_0,135,138,2,1,69,68,2,2,27,28,2,2,23,27,4,3,43,34,4,4,54,55,2,2,72,56,4,6,60,60,3,2,24,21,2,0,MAR_69,48,45,1,2,57,54,4,3,13,13,2,2,26,21,1,1,14,11,4,6,11,9,2,2,"{""type"":""MultiPoint"",""coordinates"":[]}"
0000000000000000003f_0_0,135,138,2,1,69,68,2,2,27,28,2,2,23,27,4,3,43,34,4,4,54,55,2,2,72,56,4,6,60,60,3,2,24,21,2,0,MAR_71,48,45,1,2,57,54,4,3,13,13,2,2,26,21,1,1,14,11,4,6,11,9,2,2,"{""type"":""MultiPoint"",""coordinates"":[]}"
00000000000000000040_0_0,135,138,2,1,69,68,2,2,27,28,2,2,23,27,4,3,43,34,4,4,54,55,2,2,72,56,4,6,60,60,3,2,24,21,2,0,MAR_72,48,45,1,2,57,54,4,3,13,13,2,2,26,21,1,1,14,11,4,6,11,9,2,2,"{""type"":""MultiPoint"",""coordinates"":[]}"
00000000000000000049_0_0,135,138,2,1,69,68,2,2,27,28,2,2,23,27,4,3,43,34,4,4,54,55,2,2,72,56,4,6,60,60,3,2,24,21,2,0,MAR_84,48,45,1,2,57,54,4,3,13,13,2,2,26,21,1,1,14,11,4,6,11,9,2,2,"{""type"":""MultiPoint"",""coordinates"":[]}"
0000000000000000004a_0_0,135,138,2,1,69,68,2,2,27,28,2,2,23,27,4,3,43,34,4,4,54,55,2,2,72,56,4,6,60,60,3,2,24,21,2,0,MAR_85,48,45,1,2,57,54,4,3,13,13,2,2,26,21,1,1,14,11,4,6,11,9,2,2,"{""type"":""MultiPoint"",""coordinates"":[]}"
0000000000000000004e_0_0,135,138,2,1,69,68,2,2,27,28,2,2,23,27,4,3,43,34,4,4,54,55,2,2,72,56,4,6,60,60,3,2,24,21,2,0,MAR_90,48,45,1,2,57,54,4,3,13,13,2,2,26,21,1,1,14,11,4,6,11,9,2,2,"{""type"":""MultiPoint"",""coordinates"":[]}"
0000000000000000004f_0_0,135,138,2,1,69,68,2,2,27,28,2,2,23,27,4,3,43,34,4,4,54,55,2,2,72,56,4,6,60,60,3,2,24,21,2,0,MAR_91,48,45,1,2,57,54,4,3,13,13,2,2,26,21,1,1,14,11,4,6,11,9,2,2,"{""type"":""MultiPoint"",""coordinates"":[]}"
00000000000000000053_0_0,135,138,2,1,69,68,2,2,27,28,2,2,23,27,4,3,43,34,4,4,54,55,2,2,72,56,4,6,60,60,3,2,24,21,2,0,MAR_97,48,45,1,2,57,54,4,3,13,13,2,2,26,21,1,1,14,11,4,6,11,9,2,2,"{""type"":""MultiPoint"",""coordinates"":[]}"
00000000000000000054_0_0,135,138,2,1,69,68,2,2,27,28,2,2,23,27,4,3,43,34,4,4,54,55,2,2,72,56,4,6,60,60,3,2,24,21,2,0,MAR_99,48,45,1,2,57,54,4,3,13,13,2,2,26,21,1,1,14,11,4,6,11,9,2,2,"{""type"":""MultiPoint"",""coordinates"":[]}"
00000000000000000060_0_0,135,137,3,2,64,63,0,1,24,24,1,1,20,27,2,3,43,33,4,4,52,51,2,2,64,47,6,7,59,59,1,1,24,23,2,2,MAR_119,46,44,2,2,59,56,4,3,14,14,2,2,23,18,1,1,13,10,4,6,11,10,0,1,"{""type"":""MultiPoint"",""coordinates"":[]}"
00000000000000000061_0_0,135,137,3,2,64,63,0,1,24,24,1,1,20,27,2,3,43,33,4,4,52,51,2,2,64,47,6,7,59,59,1,1,24,23,2,2,MAR_120,46,44,2,2,59,56,4,3,14,14,2,2,23,18,1,1,13,10,4,6,11,10,0,1,"{""type"":""MultiPoint"",""coordinates"":[]}"
00000000000000000062_0_0,135,137,3,2,64,63,0,1,24,24,1,1,20,27,2,3,43,33,4,4,52,51,2,2,64,47,6,7,59,59,1,1,24,23,2,2,MAR_121,46,44,2,2,59,56,4,3,14,14,2,2,23,18,1,1,13,10,4,6,11,10,0,1,"{""type"":""MultiPoint"",""coordinates"":[]}"
00000000000000000063_0_0,135,137,3,2,64,63,0,1,24,24,1,1,20,27,2,3,43,33,4,4,52,51,2,2,64,47,6,7,59,59,1,1,24,23,2,2,MAR_122,46,44,2,2,59,56,4,3,14,14,2,2,23,18,1,1,13,10,4,6,11,10,0,1,"{""type"":""MultiPoint"",""coordinates"":[]}"
00000000000000000064_0_0,140,141,5,5,60,58,2,2,24,24,2,1,20,25,2,3,44,34,4,4,48,46,1,2,62,46,9,11,56,56,1,1,22,21,2,1,MAR_123,43,40,1,2,66,63,4,4,11,10,3,3,21,16,2,2,15,12,4,6,10,8,2,2,"{""type"":""MultiPoint"",""coordinates"":[]}"
00000000000000000065_0_0,142,143,4,4,61,57,1,3,22,22,1,1,17,24,1,2,43,32,4,3,47,46,1,1,56,39,8,9,56,56,1,2,23,20,1,1,MAR_124,44,40,2,2,68,64,2,2,9,8,3,3,20,15,2,2,14,11,4,6,10,8,1,1,"{""type"":""MultiPoint"",""coordinates"":[]}"
00000000000000000066_0_0,140,141,5,5,60,58,2,2,24,24,2,1,20,25,2,3,44,34,4,4,48,46,1,2,62,46,9,11,56,56,1,1,22,21,2,1,MAR_125,43,40,1,2,66,63,4,4,11,10,3,3,21,16,2,2,15,12,4,6,10,8,2,2,"{""type"":""MultiPoint"",""coordinates"":[]}"
00000000000000000067_0_0,142,143,4,4,61,57,1,3,22,22,1,1,17,24,1,2,43,32,4,3,47,46,1,1,56,39,8,9,56,56,1,2,23,20,1,1,MAR_126,44,40,2,2,68,64,2,2,9,8,3,3,20,15,2,2,14,11,4,6,10,8,1,1,"{""type"":""MultiPoint"",""coordinates"":[]}"
00000000000000000068_0_0,142,143,4,4,61,57,1,3,22,22,1,1,17,24,1,2,43,32,4,3,47,46,1,1,56,39,8,9,56,56,1,2,23,20,1,1,MAR_127,44,40,2,2,68,64,2,2,9,8,3,3,20,15,2,2,14,11,4,6,10,8,1,1,"{""type"":""MultiPoint"",""coordinates"":[]}"
00000000000000000069_0_0,142,143,4,4,61,57,1,3,22,22,1,1,17,24,1,2,43,32,4,3,47,46,1,1,56,39,8,9,56,56,1,2,23,20,1,1,MAR_128,44,40,2,2,68,64,2,2,9,8,3,3,20,15,2,2,14,11,4,6,10,8,1,1,"{""type"":""MultiPoint"",""coordinates"":[]}"
0000000000000000006a_0_0,142,143,4,4,61,57,1,3,22,22,1,1,17,24,1,2,43,32,4,3,47,46,1,1,56,39,8,9,56,56,1,2,23,20,1,1,MAR_129,44,40,2,2,68,64,2,2,9,8,3,3,20,15,2,2,14,11,4,6,10,8,1,1,"{""type"":""MultiPoint"",""coordinates"":[]}"
0000000000000000006b_0_0,142,143,4,4,61,57,1,3,22,22,1,1,17,24,1,2,43,32,4,3,47,46,1,1,56,39,8,9,56,56,1,2,23,20,1,1,MAR_130,44,40,2,2,68,64,2,2,9,8,3,3,20,15,2,2,14,11,4,6,10,8,1,1,"{""type"":""MultiPoint"",""coordinates"":[]}"
0000000000000000006c_0_0,140,141,5,5,60,58,2,2,24,24,2,1,20,25,2,3,44,34,4,4,48,46,1,2,62,46,9,11,56,56,1,1,22,21,2,1,MAR_131,43,40,1,2,66,63,4,4,11,10,3,3,21,16,2,2,15,12,4,6,10,8,2,2,"{""type"":""MultiPoint"",""coordinates"":[]}"
0000000000000000006d_0_0,140,141,5,5,60,58,2,2,24,24,2,1,20,25,2,3,44,34,4,4,48,46,1,2,62,46,9,11,56,56,1,1,22,21,2,1,MAR_132,43,40,1,2,66,63,4,4,11,10,3,3,21,16,2,2,15,12,4,6,10,8,2,2,"{""type"":""MultiPoint"",""coordinates"":[]}"
0000000000000000006e_0_0,142,143,4,4,61,57,1,3,22,22,1,1,17,24,1,2,43,32,4,3,47,46,1,1,56,39,8,9,56,56,1,2,23,20,1,1,MAR_133,44,40,2,2,68,64,2,2,9,8,3,3,20,15,2,2,14,11,4,6,10,8,1,1,"{""type"":""MultiPoint"",""coordinates"":[]}"
0000000000000000006f_0_0,142,143,4,4,61,57,1,3,22,22,1,1,17,24,1,2,43,32,4,3,47,46,1,1,56,39,8,9,56,56,1,2,23,20,1,1,MAR_134,44,40,2,2,68,64,2,2,9,8,3,3,20,15,2,2,14,11,4,6,10,8,1,1,"{""type"":""MultiPoint"",""coordinates"":[]}"
00000000000000000070_0_0,142,143,4,4,61,57,1,3,22,22,1,1,17,24,1,2,43,32,4,3,47,46,1,1,56,39,8,9,56,56,1,2,23,20,1,1,MAR_135,44,40,2,2,68,64,2,2,9,8,3,3,20,15,2,2,14,11,4,6,10,8,1,1,"{""type"":""MultiPoint"",""coordinates"":[]}"
00000000000000000071_0_0,142,143,4,4,61,57,1,3,22,22,1,1,17,24,1,2,43,32,4,3,47,46,1,1,56,39,8,9,56,56,1,2,23,20,1,1,MAR_136,44,40,2,2,68,64,2,2,9,8,3,3,20,15,2,2,14,11,4,6,10,8,1,1,"{""type"":""MultiPoint"",""coordinates"":[]}"
00000000000000000072_0_0,142,143,4,4,61,57,1,3,22,22,1,1,17,24,1,2,43,32,4,3,47,46,1,1,56,39,8,9,56,56,1,2,23,20,1,1,MAR_137,44,40,2,2,68,64,2,2,9,8,3,3,20,15,2,2,14,11,4,6,10,8,1,1,"{""type"":""MultiPoint"",""coordinates"":[]}"
00000000000000000073_0_0,142,143,4,4,61,57,1,3,22,22,1,1,17,24,1,2,43,32,4,3,47,46,1,1,56,39,8,9,56,56,1,2,23,20,1,1,MAR_138,44,40,2,2,68,64,2,2,9,8,3,3,20,15,2,2,14,11,4,6,10,8,1,1,"{""type"":""MultiPoint"",""coordinates"":[]}"
00000000000000000074_0_0,142,143,4,4,61,57,1,3,22,22,1,1,17,24,1,2,43,32,4,3,47,46,1,1,56,39,8,9,56,56,1,2,23,20,1,1,MAR_139,44,40,2,2,68,64,2,2,9,8,3,3,20,15,2,2,14,11,4,6,10,8,1,1,"{""type"":""MultiPoint"",""coordinates"":[]}"
00000000000000000075_0_0,142,143,4,4,61,57,1,3,22,22,1,1,17,24,1,2,43,32,4,3,47,46,1,1,56,39,8,9,56,56,1,2,23,20,1,1,MAR_140,44,40,2,2,68,64,2,2,9,8,3,3,20,15,2,2,14,11,4,6,10,8,1,1,"{""type"":""MultiPoint"",""coordinates"":[]}"
00000000000000000076_0_0,140,141,5,5,60,58,2,2,24,24,2,1,20,25,2,3,44,34,4,4,48,46,1,2,62,46,9,11,56,56,1,1,22,21,2,1,MAR_141,43,40,1,2,66,63,4,4,11,10,3,3,21,16,2,2,15,12,4,6,10,8,2,2,"{""type"":""MultiPoint"",""coordinates"":[]}"
00000000000000000077_0_0,140,141,5,5,60,58,2,2,24,24,2,1,20,25,2,3,44,34,4,4,48,46,1,2,62,46,9,11,56,56,1,1,22,21,2,1,MAR_142,43,40,1,2,66,63,4,4,11,10,3,3,21,16,2,2,15,12,4,6,10,8,2,2,"{""type"":""MultiPoint"",""coordinates"":[]}"
00000000000000000078_0_0,140,141,5,5,60,58,2,2,24,24,2,1,20,25,2,3,44,34,4,4,48,46,1,2,62,46,9,11,56,56,1,1,22,21,2,1,MAR_143,43,40,1,2,66,63,4,4,11,10,3,3,21,16,2,2,15,12,4,6,10,8,2,2,"{""type"":""MultiPoint"",""coordinates"":[]}"
00000000000000000079_0_0,142,143,4,4,61,57,1,3,22,22,1,1,17,24,1,2,43,32,4,3,47,46,1,1,56,39,8,9,56,56,1,2,23,20,1,1,MAR_144,44,40,2,2,68,64,2,2,9,8,3,3,20,15,2,2,14,11,4,6,10,8,1,1,"{""type"":""MultiPoint"",""coordinates"":[]}"
0000000000000000007a_0_0,140,141,5,5,60,58,2,2,24,24,2,1,20,25,2,3,44,34,4,4,48,46,1,2,62,46,9,11,56,56,1,1,22,21,2,1,MAR_145,43,40,1,2,66,63,4,4,11,10,3,3,21,16,2,2,15,12,4,6,10,8,2,2,"{""type"":""MultiPoint"",""coordinates"":[]}"
0000000000000000007b_0_0,142,143,4,4,61,57,1,3,22,22,1,1,17,24,1,2,43,32,4,3,47,46,1,1,56,39,8,9,56,56,1,2,23,20,1,1,MAR_146,44,40,2,2,68,64,2,2,9,8,3,3,20,15,2,2,14,11,4,6,10,8,1,1,"{""type"":""MultiPoint"",""coordinates"":[]}"
0000000000000000007c_0_0,142,143,4,4,61,57,1,3,22,22,1,1,17,24,1,2,43,32,4,3,47,46,1,1,56,39,8,9,56,56,1,2,23,20,1,1,MAR_147,44,40,2,2,68,64,2,2,9,8,3,3,20,15,2,2,14,11,4,6,10,8,1,1,"{""type"":""MultiPoint"",""coordinates"":[]}"
0000000000000000007d_0_0,142,143,4,4,61,57,1,3,22,22,1,1,17,24,1,2,43,32,4,3,47,46,1,1,56,39,8,9,56,56,1,2,23,20,1,1,MAR_148,44,40,2,2,68,64,2,2,9,8,3,3,20,15,2,2,14,11,4,6,10,8,1,1,"{""type"":""MultiPoint"",""coordinates"":[]}"
0000000000000000007e_0_0,142,143,4,4,61,57,1,3,22,22,1,1,17,24,1,2,43,32,4,3,47,46,1,1,56,39,8,9,56,56,1,2,23,20,1,1,MAR_149,44,40,2,2,68,64,2,2,9,8,3,3,20,15,2,2,14,11,4,6,10,8,1,1,"{""type"":""MultiPoint"",""coordinates"":[]}"
0000000000000000007f_0_0,142,143,4,4,61,57,1,3,22,22,1,1,17,24,1,2,43,32,4,3,47,46,1,1,56,39,8,9,56,56,1,2,23,20,1,1,MAR_150,44,40,2,2,68,64,2,2,9,8,3,3,20,15,2,2,14,11,4,6,10,8,1,1,"{""type"":""MultiPoint"",""coordinates"":[]}"
000000000000000000cb_0_0,140,142,1,1,63,61,1,1,24,25,1,1,20,26,1,2,42,31,4,4,48,48,2,2,56,40,6,9,57,57,0,1,23,20,1,1,MAR_231,44,42,2,1,66,62,4,5,11,9,3,3,21,15,1,2,14,10,4,5,10,8,3,2,"{""type"":""MultiPoint"",""coordinates"":[]}"
000000000000000000cc_0_0,140,142,1,1,63,61,1,1,24,25,1,1,20,26,1,2,42,31,4,4,48,48,2,2,56,40,6,9,57,57,0,1,23,20,1,1,MAR_232,44,42,2,1,66,62,4,5,11,9,3,3,21,15,1,2,14,10,4,5,10,8,3,2,"{""type"":""MultiPoint"",""coordinates"":[]}"
000000000000000000cd_0_0,140,142,1,1,63,61,1,1,24,25,1,1,20,26,1,2,42,31,4,4,48,48,2,2,56,40,6,9,57,57,0,1,23,20,1,1,MAR_233,44,42,2,1,66,62,4,5,11,9,3,3,21,15,1,2,14,10,4,5,10,8,3,2,"{""type"":""MultiPoint"",""coordinates"":[]}"
000000000000000000ce_0_0,140,142,1,1,63,61,1,1,24,25,1,1,20,26,1,2,42,31,4,4,48,48,2,2,56,40,6,9,57,57,0,1,23,20,1,1,MAR_234,44,42,2,1,66,62,4,5,11,9,3,3,21,15,1,2,14,10,4,5,10,8,3,2,"{""type"":""MultiPoint"",""coordinates"":[]}"
000000000000000000cf_0_0,140,142,1,1,63,61,1,1,24,25,1,1,20,26,1,2,42,31,4,4,48,48,2,2,56,40,6,9,57,57,0,1,23,20,1,1,MAR_235,44,42,2,1,66,62,4,5,11,9,3,3,21,15,1,2,14,10,4,5,10,8,3,2,"{""type"":""MultiPoint"",""coordinates"":[]}"
000000000000000000d0_0_0,140,142,1,1,63,61,1,1,24,25,1,1,20,26,1,2,42,31,4,4,48,48,2,2,56,40,6,9,57,57,0,1,23,20,1,1,MAR_236,44,42,2,1,66,62,4,5,11,9,3,3,21,15,1,2,14,10,4,5,10,8,3,2,"{""type"":""MultiPoint"",""coordinates"":[]}"
000000000000000000d1_0_0,140,142,1,1,63,61,1,1,24,25,1,1,20,26,1,2,42,31,4,4,48,48,2,2,56,40,6,9,57,57,0,1,23,20,1,1,MAR_237,44,42,2,1,66,62,4,5,11,9,3,3,21,15,1,2,14,10,4,5,10,8,3,2,"{""type"":""MultiPoint"",""coordinates"":[]}"
000000000000000000d2_0_0,140,142,1,1,63,61,1,1,24,25,1,1,20,26,1,2,42,31,4,4,48,48,2,2,56,40,6,9,57,57,0,1,23,20,1,1,MAR_238,44,42,2,1,66,62,4,5,11,9,3,3,21,15,1,2,14,10,4,5,10,8,3,2,"{""type"":""MultiPoint"",""coordinates"":[]}"
000000000000000000d3_0_0,140,142,1,1,63,61,1,1,24,25,1,1,20,26,1,2,42,31,4,4,48,48,2,2,56,40,6,9,57,57,0,1,23,20,1,1,MAR_239,44,42,2,1,66,62,4,5,11,9,3,3,21,15,1,2,14,10,4,5,10,8,3,2,"{""type"":""MultiPoint"",""coordinates"":[]}"
000000000000000000d4_0_0,140,142,1,1,63,61,1,1,24,25,1,1,20,26,1,2,42,31,4,4,48,48,2,2,56,40,6,9,57,57,0,1,23,20,1,1,MAR_240,44,42,2,1,66,62,4,5,11,9,3,3,21,15,1,2,14,10,4,5,10,8,3,2,"{""type"":""MultiPoint"",""coordinates"":[]}"
000000000000000000d5_0_0,140,142,1,1,63,61,1,1,24,25,1,1,20,26,1,2,42,31,4,4,48,48,2,2,56,40,6,9,57,57,0,1,23,20,1,1,MAR_241,44,42,2,1,66,62,4,5,11,9,3,3,21,15,1,2,14,10,4,5,10,8,3,2,"{""type"":""MultiPoint"",""coordinates"":[]}"
000000000000000000d6_0_0,140,142,1,1,63,61,1,1,24,25,1,1,20,26,1,2,42,31,4,4,48,48,2,2,56,40,6,9,57,57,0,1,23,20,1,1,MAR_242,44,42,2,1,66,62,4,5,11,9,3,3,21,15,1,2,14,10,4,5,10,8,3,2,"{""type"":""MultiPoint"",""coordinates"":[]}"
000000000000000000d7_0_0,144,146,4,4,67,67,1,1,22,21,1,2,16,20,4,3,43,31,4,4,54,54,1,1,55,42,8,11,68,68,1,1,24,21,2,1,MAR_243,45,44,2,2,72,68,5,4,12,11,2,2,19,15,1,1,15,11,3,6,14,14,3,3,"{""type"":""MultiPoint"",""coordinates"":[]}"
000000000000000000d8_0_0,144,146,4,4,67,67,1,1,22,21,1,2,16,20,4,3,43,31,4,4,54,54,1,1,55,42,8,11,68,68,1,1,24,21,2,1,MAR_244,45,44,2,2,72,68,5,4,12,11,2,2,19,15,1,1,15,11,3,6,14,14,3,3,"{""type"":""MultiPoint"",""coordinates"":[]}"
000000000000000000d9_0_0,144,146,4,4,67,67,1,1,22,21,1,2,16,20,4,3,43,31,4,4,54,54,1,1,55,42,8,11,68,68,1,1,24,21,2,1,MAR_245,45,44,2,2,72,68,5,4,12,11,2,2,19,15,1,1,15,11,3,6,14,14,3,3,"{""type"":""MultiPoint"",""coordinates"":[]}"
000000000000000000da_0_0,144,146,4,4,67,67,1,1,22,21,1,2,16,20,4,3,43,31,4,4,54,54,1,1,55,42,8,11,68,68,1,1,24,21,2,1,MAR_246,45,44,2,2,72,68,5,4,12,11,2,2,19,15,1,1,15,11,3,6,14,14,3,3,"{""type"":""MultiPoint"",""coordinates"":[]}"
000000000000000000db_0_0,144,146,4,4,67,67,1,1,22,21,1,2,16,20,4,3,43,31,4,4,54,54,1,1,55,42,8,11,68,68,1,1,24,21,2,1,MAR_247,45,44,2,2,72,68,5,4,12,11,2,2,19,15,1,1,15,11,3,6,14,14,3,3,"{""type"":""MultiPoint"",""coordinates"":[]}"
000000000000000000dc_0_0,144,146,4,4,67,67,1,1,22,21,1,2,16,20,4,3,43,31,4,4,54,54,1,1,55,42,8,11,68,68,1,1,24,21,2,1,MAR_248,45,44,2,2,72,68,5,4,12,11,2,2,19,15,1,1,15,11,3,6,14,14,3,3,"{""type"":""MultiPoint"",""coordinates"":[]}"
000000000000000000dd_0_0,144,146,4,4,67,67,1,1,22,21,1,2,16,20,4,3,43,31,4,4,54,54,1,1,55,42,8,11,68,68,1,1,24,21,2,1,MAR_249,45,44,2,2,72,68,5,4,12,11,2,2,19,15,1,1,15,11,3,6,14,14,3,3,"{""type"":""MultiPoint"",""coordinates"":[]}"
000000000000000000de_0_0,144,146,4,4,67,67,1,1,22,21,1,2,16,20,4,3,43,31,4,4,54,54,1,1,55,42,8,11,68,68,1,1,24,21,2,1,MAR_250,45,44,2,2,72,68,5,4,12,11,2,2,19,15,1,1,15,11,3,6,14,14,3,3,"{""type"":""MultiPoint"",""coordinates"":[]}"
000000000000000000df_0_0,144,146,4,4,67,67,1,1,22,21,1,2,16,20,4,3,43,31,4,4,54,54,1,1,55,42,8,11,68,68,1,1,24,21,2,1,MAR_251,45,44,2,2,72,68,5,4,12,11,2,2,19,15,1,1,15,11,3,6,14,14,3,3,"{""type"":""MultiPoint"",""coordinates"":[]}"
000000000000000000e0_0_0,144,146,4,4,67,67,1,1,22,21,1,2,16,20,4,3,43,31,4,4,54,54,1,1,55,42,8,11,68,68,1,1,24,21,2,1,MAR_252,45,44,2,2,72,68,5,4,12,11,2,2,19,15,1,1,15,11,3,6,14,14,3,3,"{""type"":""MultiPoint"",""coordinates"":[]}"
000000000000000000e1_0_0,144,146,4,4,67,67,1,1,22,21,1,2,16,20,4,3,43,31,4,4,54,54,1,1,55,42,8,11,68,68,1,1,24,21,2,1,MAR_253,45,44,2,2,72,68,5,4,12,11,2,2,19,15,1,1,15,11,3,6,14,14,3,3,"{""type"":""MultiPoint"",""coordinates"":[]}"
000000000000000000e2_0_0,146,148,3,4,66,65,2,2,24,25,1,1,20,23,4,4,43,31,3,3,55,55,1,1,55,42,8,11,64,64,2,2,23,21,1,1,MAR_254,46,44,2,2,64,62,6,6,13,11,2,3,19,16,2,1,15,10,3,5,16,16,1,2,"{""type"":""MultiPoint"",""coordinates"":[]}"
000000000000000000e3_0_0,144,146,4,4,67,67,1,1,22,21,1,2,16,20,4,3,43,31,4,4,54,54,1,1,55,42,8,11,68,68,1,1,24,21,2,1,MAR_255,45,44,2,2,72,68,5,4,12,11,2,2,19,15,1,1,15,11,3,6,14,14,3,3,"{""type"":""MultiPoint"",""coordinates"":[]}"
000000000000000000e4_0_0,144,146,4,4,67,67,1,1,22,21,1,2,16,20,4,3,43,31,4,4,54,54,1,1,55,42,8,11,68,68,1,1,24,21,2,1,MAR_256,45,44,2,2,72,68,5,4,12,11,2,2,19,15,1,1,15,11,3,6,14,14,3,3,"{""type"":""MultiPoint"",""coordinates"":[]}"
000000000000000000e5_0_0,144,146,4,4,67,67,1,1,22,21,1,2,16,20,4,3,43,31,4,4,54,54,1,1,55,42,8,11,68,68,1,1,24,21,2,1,MAR_257,45,44,2,2,72,68,5,4,12,11,2,2,19,15,1,1,15,11,3,6,14,14,3,3,"{""type"":""MultiPoint"",""coordinates"":[]}"
000000000000000000e6_0_0,145,146,2,3,68,68,1,1,24,25,1,1,21,24,4,4,43,31,4,3,56,56,2,2,65,51,9,10,67,68,3,3,25,23,2,2,MAR_258,47,46,2,2,56,56,9,8,16,15,4,4,20,15,2,1,15,10,3,5,15,15,2,2,"{""type"":""MultiPoint"",""coordinates"":[]}"
000000000000000000e7_0_0,144,146,4,4,67,67,1,1,22,21,1,2,16,20,4,3,43,31,4,4,54,54,1,1,55,42,8,11,68,68,1,1,24,21,2,1,MAR_259,45,44,2,2,72,68,5,4,12,11,2,2,19,15,1,1,15,11,3,6,14,14,3,3,"{""type"":""MultiPoint"",""coordinates"":[]}"
000000000000000000e8_0_0,144,146,4,4,67,67,1,1,22,21,1,2,16,20,4,3,43,31,4,4,54,54,1,1,55,42,8,11,68,68,1,1,24,21,2,1,MAR_260,45,44,2,2,72,68,5,4,12,11,2,2,19,15,1,1,15,11,3,6,14,14,3,3,"{""type"":""MultiPoint"",""coordinates"":[]}"
000000000000000000e9_0_0,145,146,2,3,68,68,1,1,24,25,1,1,21,24,4,4,43,31,4,3,56,56,2,2,65,51,9,10,67,68,3,3,25,23,2,2,MAR_261,47,46,2,2,56,56,9,8,16,15,4,4,20,15,2,1,15,10,3,5,15,15,2,2,"{""type"":""MultiPoint"",""coordinates"":[]}"
000000000000000000ea_0_0,144,146,4,4,67,67,1,1,22,21,1,2,16,20,4,3,43,31,4,4,54,54,1,1,55,42,8,11,68,68,1,1,24,21,2,1,MAR_262,45,44,2,2,72,68,5,4,12,11,2,2,19,15,1,1,15,11,3,6,14,14,3,3,"{""type"":""MultiPoint"",""coordinates"":[]}"
000000000000000000eb_0_0,145,146,2,3,68,68,1,1,24,25,1,1,21,24,4,4,43,31,4,3,56,56,2,2,65,51,9,10,67,68,3,3,25,23,2,2,MAR_263,47,46,2,2,56,56,9,8,16,15,4,4,20,15,2,1,15,10,3,5,15,15,2,2,"{""type"":""MultiPoint"",""coordinates"":[]}"
000000000000000000ec_0_0,144,146,4,4,67,67,1,1,22,21,1,2,16,20,4,3,43,31,4,4,54,54,1,1,55,42,8,11,68,68,1,1,24,21,2,1,MAR_264,45,44,2,2,72,68,5,4,12,11,2,2,19,15,1,1,15,11,3,6,14,14,3,3,"{""type"":""MultiPoint"",""coordinates"":[]}"
000000000000000000ed_0_0,144,146,4,4,67,67,1,1,22,21,1,2,16,20,4,3,43,31,4,4,54,54,1,1,55,42,8,11,68,68,1,1,24,21,2,1,MAR_265,45,44,2,2,72,68,5,4,12,11,2,2,19,15,1,1,15,11,3,6,14,14,3,3,"{""type"":""MultiPoint"",""coordinates"":[]}"
000000000000000000ee_0_0,145,146,2,3,68,68,1,1,24,25,1,1,21,24,4,4,43,31,4,3,56,56,2,2,65,51,9,10,67,68,3,3,25,23,2,2,MAR_266,47,46,2,2,56,56,9,8,16,15,4,4,20,15,2,1,15,10,3,5,15,15,2,2,"{""type"":""MultiPoint"",""coordinates"":[]}"
000000000000000000ef_0_0,144,146,4,4,67,67,1,1,22,21,1,2,16,20,4,3,43,31,4,4,54,54,1,1,55,42,8,11,68,68,1,1,24,21,2,1,MAR_267,45,44,2,2,72,68,5,4,12,11,2,2,19,15,1,1,15,11,3,6,14,14,3,3,"{""type"":""MultiPoint"",""coordinates"":[]}"
000000000000000000f0_0_0,144,146,4,4,67,67,1,1,22,21,1,2,16,20,4,3,43,31,4,4,54,54,1,1,55,42,8,11,68,68,1,1,24,21,2,1,MAR_268,45,44,2,2,72,68,5,4,12,11,2,2,19,15,1,1,15,11,3,6,14,14,3,3,"{""type"":""MultiPoint"",""coordinates"":[]}"
000000000000000000f1_0_0,143,145,4,4,68,68,2,2,25,25,2,1,18,21,1,2,43,32,4,4,54,54,1,2,55,43,9,11,66,66,1,1,23,21,2,2,MAR_269,46,45,2,2,59,58,10,9,14,13,3,3,20,15,2,1,15,11,3,6,15,15,1,2,"{""type"":""MultiPoint"",""coordinates"":[]}"
000000000000000000f2_0_0,143,145,4,4,68,68,2,2,25,25,2,1,18,21,1,2,43,32,4,4,54,54,1,2,55,43,9,11,66,66,1,1,23,21,2,2,MAR_270,46,45,2,2,59,58,10,9,14,13,3,3,20,15,2,1,15,11,3,6,15,15,1,2,"{""type"":""MultiPoint"",""coordinates"":[]}"
000000000000000000f3_0_0,144,146,4,4,67,67,1,1,22,21,1,2,16,20,4,3,43,31,4,4,54,54,1,1,55,42,8,11,68,68,1,1,24,21,2,1,MAR_271,45,44,2,2,72,68,5,4,12,11,2,2,19,15,1,1,15,11,3,6,14,14,3,3,"{""type"":""MultiPoint"",""coordinates"":[]}"
000000000000000000f4_0_0,145,146,2,3,68,68,1,1,24,25,1,1,21,24,4,4,43,31,4,3,56,56,2,2,65,51,9,10,67,68,3,3,25,23,2,2,MAR_272,47,46,2,2,56,56,9,8,16,15,4,4,20,15,2,1,15,10,3,5,15,15,2,2,"{""type"":""MultiPoint"",""coordinates"":[]}"
000000000000000000f5_0_0,145,146,2,3,68,68,1,1,24,25,1,1,21,24,4,4,43,31,4,3,56,56,2,2,65,51,9,10,67,68,3,3,25,23,2,2,MAR_273,47,46,2,2,56,56,9,8,16,15,4,4,20,15,2,1,15,10,3,5,15,15,2,2,"{""type"":""MultiPoint"",""coordinates"":[]}"
000000000000000000f6_0_0,146,147,3,3,67,66,1,1,20,20,1,2,17,21,2,2,43,31,4,5,53,54,3,2,54,43,8,11,67,67,1,1,23,21,1,0,MAR_275,46,45,2,3,71,67,5,4,13,13,3,2,19,15,1,1,14,10,4,6,14,14,3,3,"{""type"":""MultiPoint"",""coordinates"":[]}"
000000000000000000f7_0_0,146,147,3,3,67,66,1,1,20,20,1,2,17,21,2,2,43,31,4,5,53,54,3,2,54,43,8,11,67,67,1,1,23,21,1,0,MAR_276,46,45,2,3,71,67,5,4,13,13,3,2,19,15,1,1,14,10,4,6,14,14,3,3,"{""type"":""MultiPoint"",""coordinates"":[]}"
000000000000000000f8_0_0,146,148,2,3,67,67,2,2,21,21,1,1,18,21,2,2,42,31,3,4,53,53,3,3,56,44,7,10,70,70,2,2,24,22,1,1,MAR_277,46,45,2,2,68,66,4,4,14,14,3,2,18,14,1,1,14,10,3,6,14,13,2,3,"{""type"":""MultiPoint"",""coordinates"":[]}"
000000000000000000f9_0_0,146,147,3,3,67,66,1,1,20,20,1,2,17,21,2,2,43,31,4,5,53,54,3,2,54,43,8,11,67,67,1,1,23,21,1,0,MAR_278,46,45,2,3,71,67,5,4,13,13,3,2,19,15,1,1,14,10,4,6,14,14,3,3,"{""type"":""MultiPoint"",""coordinates"":[]}"
000000000000000000fa_0_0,146,148,2,3,67,67,2,2,21,21,1,1,18,21,2,2,42,31,3,4,53,53,3,3,56,44,7,10,70,70,2,2,24,22,1,1,MAR_279,46,45,2,2,68,66,4,4,14,14,3,2,18,14,1,1,14,10,3,6,14,13,2,3,"{""type"":""MultiPoint"",""coordinates"":[]}"
000000000000000000fb_0_0,146,147,3,3,67,66,1,1,20,20,1,2,17,21,2,2,43,31,4,5,53,54,3,2,54,43,8,11,67,67,1,1,23,21,1,0,MAR_280,46,45,2,3,71,67,5,4,13,13,3,2,19,15,1,1,14,10,4,6,14,14,3,3,"{""type"":""MultiPoint"",""coordinates"":[]}"
000000000000000000fc_0_0,146,148,2,3,67,67,2,2,21,21,1,1,18,21,2,2,42,31,3,4,53,53,3,3,56,44,7,10,70,70,2,2,24,22,1,1,MAR_281,46,45,2,2,68,66,4,4,14,14,3,2,18,14,1,1,14,10,3,6,14,13,2,3,"{""type"":""MultiPoint"",""coordinates"":[]}"
000000000000000000fd_0_0,146,147,3,3,67,66,1,1,20,20,1,2,17,21,2,2,43,31,4,5,53,54,3,2,54,43,8,11,67,67,1,1,23,21,1,0,MAR_282,46,45,2,3,71,67,5,4,13,13,3,2,19,15,1,1,14,10,4,6,14,14,3,3,"{""type"":""MultiPoint"",""coordinates"":[]}"
000000000000000000fe_0_0,146,147,3,3,67,66,1,1,20,20,1,2,17,21,2,2,43,31,4,5,53,54,3,2,54,43,8,11,67,67,1,1,23,21,1,0,MAR_283,46,45,2,3,71,67,5,4,13,13,3,2,19,15,1,1,14,10,4,6,14,14,3,3,"{""type"":""MultiPoint"",""coordinates"":[]}"
000000000000000000ff_0_0,146,147,3,3,67,66,1,1,20,20,1,2,17,21,2,2,43,31,4,5,53,54,3,2,54,43,8,11,67,67,1,1,23,21,1,0,MAR_288,46,45,2,3,71,67,5,4,13,13,3,2,19,15,1,1,14,10,4,6,14,14,3,3,"{""type"":""MultiPoint"",""coordinates"":[]}"
00000000000000000100_0_0,146,147,3,3,67,66,1,1,20,20,1,2,17,21,2,2,43,31,4,5,53,54,3,2,54,43,8,11,67,67,1,1,23,21,1,0,MAR_289,46,45,2,3,71,67,5,4,13,13,3,2,19,15,1,1,14,10,4,6,14,14,3,3,"{""type"":""MultiPoint"",""coordinates"":[]}"
00000000000000000101_0_0,146,148,2,3,67,67,2,2,21,21,1,1,18,21,2,2,42,31,3,4,53,53,3,3,56,44,7,10,70,70,2,2,24,22,1,1,MAR_290,46,45,2,2,68,66,4,4,14,14,3,2,18,14,1,1,14,10,3,6,14,13,2,3,"{""type"":""MultiPoint"",""coordinates"":[]}"
00000000000000000102_0_0,144,146,1,2,71,71,2,2,23,23,0,0,23,26,3,2,44,32,4,4,59,60,2,2,64,51,9,10,67,67,1,1,24,22,2,2,MAR_291,48,46,3,2,66,60,5,5,16,16,3,3,20,16,1,1,16,12,4,6,15,14,2,3,"{""type"":""MultiPoint"",""coordinates"":[]}"
00000000000000000103_0_0,144,146,1,2,71,71,2,2,23,23,0,0,23,26,3,2,44,32,4,4,59,60,2,2,64,51,9,10,67,67,1,1,24,22,2,2,MAR_292,48,46,3,2,66,60,5,5,16,16,3,3,20,16,1,1,16,12,4,6,15,14,2,3,"{""type"":""MultiPoint"",""coordinates"":[]}"
00000000000000000104_0_0,144,146,1,2,71,71,2,2,23,23,0,0,23,26,3,2,44,32,4,4,59,60,2,2,64,51,9,10,67,67,1,1,24,22,2,2,MAR_293,48,46,3,2,66,60,5,5,16,16,3,3,20,16,1,1,16,12,4,6,15,14,2,3,"{""type"":""MultiPoint"",""coordinates"":[]}"
00000000000000000105_0_0,147,149,2,3,70,69,1,1,20,20,1,1,18,23,3,3,43,32,4,4,53,53,1,1,59,46,8,10,68,68,1,1,25,22,2,1,MAR_294,47,46,1,1,66,66,6,5,14,14,3,2,19,15,2,1,14,10,3,6,14,14,2,2,"{""type"":""MultiPoint"",""coordinates"":[]}"
00000000000000000106_0_0,147,149,2,3,70,69,1,1,20,20,1,1,18,23,3,3,43,32,4,4,53,53,1,1,59,46,8,10,68,68,1,1,25,22,2,1,MAR_295,47,46,1,1,66,66,6,5,14,14,3,2,19,15,2,1,14,10,3,6,14,14,2,2,"{""type"":""MultiPoint"",""coordinates"":[]}"
00000000000000000107_0_0,144,146,1,2,71,71,2,2,23,23,0,0,23,26,3,2,44,32,4,4,59,60,2,2,64,51,9,10,67,67,1,1,24,22,2,2,MAR_296,48,46,3,2,66,60,5,5,16,16,3,3,20,16,1,1,16,12,4,6,15,14,2,3,"{""type"":""MultiPoint"",""coordinates"":[]}"
00000000000000000108_0_0,144,146,1,2,71,71,2,2,23,23,0,0,23,26,3,2,44,32,4,4,59,60,2,2,64,51,9,10,67,67,1,1,24,22,2,2,MAR_297,48,46,3,2,66,60,5,5,16,16,3,3,20,16,1,1,16,12,4,6,15,14,2,3,"{""type"":""MultiPoint"",""coordinates"":[]}"
00000000000000000109_0_0,147,149,2,3,70,69,1,1,20,20,1,1,18,23,3,3,43,32,4,4,53,53,1,1,59,46,8,10,68,68,1,1,25,22,2,1,MAR_298,47,46,1,1,66,66,6,5,14,14,3,2,19,15,2,1,14,10,3,6,14,14,2,2,"{""type"":""MultiPoint"",""coordinates"":[]}"
0000000000000000010a_0_0,147,149,2,3,70,69,1,1,20,20,1,1,18,23,3,3,43,32,4,4,53,53,1,1,59,46,8,10,68,68,1,1,25,22,2,1,MAR_299,47,46,1,1,66,66,6,5,14,14,3,2,19,15,2,1,14,10,3,6,14,14,2,2,"{""type"":""MultiPoint"",""coordinates"":[]}"
0000000000000000010b_0_0,147,149,2,3,70,69,1,1,20,20,1,1,18,23,3,3,43,32,4,4,53,53,1,1,59,46,8,10,68,68,1,1,25,22,2,1,MAR_301,47,46,1,1,66,66,6,5,14,14,3,2,19,15,2,1,14,10,3,6,14,14,2,2,"{""type"":""MultiPoint"",""coordinates"":[]}"
0000000000000000010c_0_0,147,149,2,3,70,69,1,1,20,20,1,1,18,23,3,3,43,32,4,4,53,53,1,1,59,46,8,10,68,68,1,1,25,22,2,1,MAR_302,47,46,1,1,66,66,6,5,14,14,3,2,19,15,2,1,14,10,3,6,14,14,2,2,"{""type"":""MultiPoint"",""coordinates"":[]}"
0000000000000000010d_0_0,147,149,2,3,70,69,1,1,20,20,1,1,18,23,3,3,43,32,4,4,53,53,1,1,59,46,8,10,68,68,1,1,25,22,2,1,MAR_303,47,46,1,1,66,66,6,5,14,14,3,2,19,15,2,1,14,10,3,6,14,14,2,2,"{""type"":""MultiPoint"",""coordinates"":[]}"
0000000000000000010e_0_0,147,149,2,3,70,69,1,1,20,20,1,1,18,23,3,3,43,32,4,4,53,53,1,1,59,46,8,10,68,68,1,1,25,22,2,1,MAR_305,47,46,1,1,66,66,6,5,14,14,3,2,19,15,2,1,14,10,3,6,14,14,2,2,"{""type"":""MultiPoint"",""coordinates"":[]}"
0000000000000000010f_0_0,144,146,1,2,71,71,2,2,23,23,0,0,23,26,3,2,44,32,4,4,59,60,2,2,64,51,9,10,67,67,1,1,24,22,2,2,MAR_306,48,46,3,2,66,60,5,5,16,16,3,3,20,16,1,1,16,12,4,6,15,14,2,3,"{""type"":""MultiPoint"",""coordinates"":[]}"
00000000000000000110_0_0,147,149,2,3,70,69,1,1,20,20,1,1,18,23,3,3,43,32,4,4,53,53,1,1,59,46,8,10,68,68,1,1,25,22,2,1,MAR_307,47,46,1,1,66,66,6,5,14,14,3,2,19,15,2,1,14,10,3,6,14,14,2,2,"{""type"":""MultiPoint"",""coordinates"":[]}"
00000000000000000111_0_0,142,145,2,3,69,69,2,2,24,24,1,1,22,26,3,3,43,31,4,4,57,57,1,1,69,53,9,10,67,68,1,1,24,22,1,1,MAR_309,47,46,2,2,61,57,6,7,15,15,3,3,20,15,2,1,15,11,3,6,15,15,2,2,"{""type"":""MultiPoint"",""coordinates"":[]}"
00000000000000000112_0_0,142,145,2,3,69,69,2,2,24,24,1,1,22,26,3,3,43,31,4,4,57,57,1,1,69,53,9,10,67,68,1,1,24,22,1,1,MAR_310,47,46,2,2,61,57,6,7,15,15,3,3,20,15,2,1,15,11,3,6,15,15,2,2,"{""type"":""MultiPoint"",""coordinates"":[]}"
00000000000000000113_0_0,142,145,2,3,69,69,2,2,24,24,1,1,22,26,3,3,43,31,4,4,57,57,1,1,69,53,9,10,67,68,1,1,24,22,1,1,MAR_311,47,46,2,2,61,57,6,7,15,15,3,3,20,15,2,1,15,11,3,6,15,15,2,2,"{""type"":""MultiPoint"",""coordinates"":[]}"
00000000000000000114_0_0,142,145,2,3,69,69,2,2,24,24,1,1,22,26,3,3,43,31,4,4,57,57,1,1,69,53,9,10,67,68,1,1,24,22,1,1,MAR_312,47,46,2,2,61,57,6,7,15,15,3,3,20,15,2,1,15,11,3,6,15,15,2,2,"{""type"":""MultiPoint"",""coordinates"":[]}"
00000000000000000115_0_0,144,146,3,3,68,68,1,1,23,24,1,1,17,20,1,2,42,31,2,4,53,53,1,1,58,45,8,11,67,67,1,1,23,20,1,0,MAR_314,47,44,2,2,65,64,6,5,12,11,2,2,19,16,1,1,15,11,3,5,16,15,1,2,"{""type"":""MultiPoint"",""coordinates"":[]}"
00000000000000000116_0_0,141,144,5,6,65,65,2,1,26,26,1,1,23,26,4,4,44,33,3,4,52,53,1,1,64,46,10,12,64,64,2,3,24,21,1,1,MAR_315,45,44,2,1,62,62,6,6,14,13,2,2,21,17,2,1,16,12,4,6,15,14,2,2,"{""type"":""MultiPoint"",""coordinates"":[]}"
00000000000000000117_0_0,142,145,2,3,70,69,2,2,25,26,1,1,22,26,3,3,42,32,2,3,57,57,1,1,63,49,9,10,65,65,2,2,25,22,2,1,MAR_316,47,45,2,2,62,61,4,4,14,13,2,2,21,16,2,2,17,13,4,6,15,15,2,2,"{""type"":""MultiPoint"",""coordinates"":[]}"
00000000000000000118_0_0,141,144,5,6,65,65,2,1,26,26,1,1,23,26,4,4,44,33,3,4,52,53,1,1,64,46,10,12,64,64,2,3,24,21,1,1,MAR_317,45,44,2,1,62,62,6,6,14,13,2,2,21,17,2,1,16,12,4,6,15,14,2,2,"{""type"":""MultiPoint"",""coordinates"":[]}"
00000000000000000119_0_0,141,144,5,6,65,65,2,1,26,26,1,1,23,26,4,4,44,33,3,4,52,53,1,1,64,46,10,12,64,64,2,3,24,21,1,1,MAR_318,45,44,2,1,62,62,6,6,14,13,2,2,21,17,2,1,16,12,4,6,15,14,2,2,"{""type"":""MultiPoint"",""coordinates"":[]}"
0000000000000000011a_0_0,141,144,5,6,65,65,2,1,26,26,1,1,23,26,4,4,44,33,3,4,52,53,1,1,64,46,10,12,64,64,2,3,24,21,1,1,MAR_319,45,44,2,1,62,62,6,6,14,13,2,2,21,17,2,1,16,12,4,6,15,14,2,2,"{""type"":""MultiPoint"",""coordinates"":[]}"
0000000000000000011b_0_0,142,145,2,3,70,69,2,2,25,26,1,1,22,26,3,3,42,32,2,3,57,57,1,1,63,49,9,10,65,65,2,2,25,22,2,1,MAR_320,47,45,2,2,62,61,4,4,14,13,2,2,21,16,2,2,17,13,4,6,15,15,2,2,"{""type"":""MultiPoint"",""coordinates"":[]}"
0000000000000000011c_0_0,142,145,2,3,70,69,2,2,25,26,1,1,22,26,3,3,42,32,2,3,57,57,1,1,63,49,9,10,65,65,2,2,25,22,2,1,MAR_321,47,45,2,2,62,61,4,4,14,13,2,2,21,16,2,2,17,13,4,6,15,15,2,2,"{""type"":""MultiPoint"",""coordinates"":[]}"
0000000000000000011d_0_0,141,144,5,6,65,65,2,1,26,26,1,1,23,26,4,4,44,33,3,4,52,53,1,1,64,46,10,12,64,64,2,3,24,21,1,1,MAR_322,45,44,2,1,62,62,6,6,14,13,2,2,21,17,2,1,16,12,4,6,15,14,2,2,"{""type"":""MultiPoint"",""coordinates"":[]}"
0000000000000000011e_0_0,141,144,5,6,65,65,2,1,26,26,1,1,23,26,4,4,44,33,3,4,52,53,1,1,64,46,10,12,64,64,2,3,24,21,1,1,MAR_324,45,44,2,1,62,62,6,6,14,13,2,2,21,17,2,1,16,12,4,6,15,14,2,2,"{""type"":""MultiPoint"",""coordinates"":[]}"
0000000000000000011f_0_0,141,144,5,6,65,65,2,1,26,26,1,1,23,26,4,4,44,33,3,4,52,53,1,1,64,46,10,12,64,64,2,3,24,21,1,1,MAR_325,45,44,2,1,62,62,6,6,14,13,2,2,21,17,2,1,16,12,4,6,15,14,2,2,"{""type"":""MultiPoint"",""coordinates"":[]}"
00000000000000000120_0_0,142,145,2,3,70,69,2,2,25,26,1,1,22,26,3,3,42,32,2,3,57,57,1,1,63,49,9,10,65,65,2,2,25,22,2,1,MAR_326,47,45,2,2,62,61,4,4,14,13,2,2,21,16,2,2,17,13,4,6,15,15,2,2,"{""type"":""MultiPoint"",""coordinates"":[]}"
00000000000000000121_0_0,141,144,5,6,65,65,2,1,26,26,1,1,23,26,4,4,44,33,3,4,52,53,1,1,64,46,10,12,64,64,2,3,24,21,1,1,MAR_327,45,44,2,1,62,62,6,6,14,13,2,2,21,17,2,1,16,12,4,6,15,14,2,2,"{""type"":""MultiPoint"",""coordinates"":[]}"
00000000000000000122_0_0,141,144,5,6,65,65,2,1,26,26,1,1,23,26,4,4,44,33,3,4,52,53,1,1,64,46,10,12,64,64,2,3,24,21,1,1,MAR_328,45,44,2,1,62,62,6,6,14,13,2,2,21,17,2,1,16,12,4,6,15,14,2,2,"{""type"":""MultiPoint"",""coordinates"":[]}"
00000000000000000123_0_0,141,144,5,6,65,65,2,1,26,26,1,1,23,26,4,4,44,33,3,4,52,53,1,1,64,46,10,12,64,64,2,3,24,21,1,1,MAR_329,45,44,2,1,62,62,6,6,14,13,2,2,21,17,2,1,16,12,4,6,15,14,2,2,"{""type"":""MultiPoint"",""coordinates"":[]}"
00000000000000000124_0_0,141,144,5,6,65,65,2,1,26,26,1,1,23,26,4,4,44,33,3,4,52,53,1,1,64,46,10,12,64,64,2,3,24,21,1,1,MAR_330,45,44,2,1,62,62,6,6,14,13,2,2,21,17,2,1,16,12,4,6,15,14,2,2,"{""type"":""MultiPoint"",""coordinates"":[]}"
00000000000000000125_0_0,142,145,2,3,70,69,2,2,25,26,1,1,22,26,3,3,42,32,2,3,57,57,1,1,63,49,9,10,65,65,2,2,25,22,2,1,MAR_331,47,45,2,2,62,61,4,4,14,13,2,2,21,16,2,2,17,13,4,6,15,15,2,2,"{""type"":""MultiPoint"",""coordinates"":[]}"
00000000000000000126_0_0,141,144,5,6,65,65,2,1,26,26,1,1,23,26,4,4,44,33,3,4,52,53,1,1,64,46,10,12,64,64,2,3,24,21,1,1,MAR_332,45,44,2,1,62,62,6,6,14,13,2,2,21,17,2,1,16,12,4,6,15,14,2,2,"{""type"":""MultiPoint"",""coordinates"":[]}"
00000000000000000127_0_0,141,144,5,6,65,65,2,1,26,26,1,1,23,26,4,4,44,33,3,4,52,53,1,1,64,46,10,12,64,64,2,3,24,21,1,1,MAR_333,45,44,2,1,62,62,6,6,14,13,2,2,21,17,2,1,16,12,4,6,15,14,2,2,"{""type"":""MultiPoint"",""coordinates"":[]}"
00000000000000000128_0_0,141,144,5,6,65,65,2,1,26,26,1,1,23,26,4,4,44,33,3,4,52,53,1,1,64,46,10,12,64,64,2,3,24,21,1,1,MAR_334,45,44,2,1,62,62,6,6,14,13,2,2,21,17,2,1,16,12,4,6,15,14,2,2,"{""type"":""MultiPoint"",""coordinates"":[]}"
00000000000000000129_0_0,143,145,4,4,66,65,2,1,25,25,1,1,25,27,6,5,42,32,4,4,54,55,1,1,71,59,9,10,67,67,2,2,23,20,2,1,MAR_335,47,46,2,1,61,60,10,9,15,15,4,4,19,16,2,2,17,13,4,6,15,14,2,2,"{""type"":""MultiPoint"",""coordinates"":[]}"
0000000000000000012a_0_0,143,145,4,4,66,65,2,1,25,25,1,1,25,27,6,5,42,32,4,4,54,55,1,1,71,59,9,10,67,67,2,2,23,20,2,1,MAR_336,47,46,2,1,61,60,10,9,15,15,4,4,19,16,2,2,17,13,4,6,15,14,2,2,"{""type"":""MultiPoint"",""coordinates"":[]}"
0000000000000000012b_0_0,143,145,4,4,66,65,2,1,25,25,1,1,25,27,6,5,42,32,4,4,54,55,1,1,71,59,9,10,67,67,2,2,23,20,2,1,MAR_337,47,46,2,1,61,60,10,9,15,15,4,4,19,16,2,2,17,13,4,6,15,14,2,2,"{""type"":""MultiPoint"",""coordinates"":[]}"
0000000000000000012c_0_0,143,145,4,4,66,65,2,1,25,25,1,1,25,27,6,5,42,32,4,4,54,55,1,1,71,59,9,10,67,67,2,2,23,20,2,1,MAR_338,47,46,2,1,61,60,10,9,15,15,4,4,19,16,2,2,17,13,4,6,15,14,2,2,"{""type"":""MultiPoint"",""coordinates"":[]}"
0000000000000000012d_0_0,143,145,8,8,65,64,2,2,24,24,1,0,24,28,3,4,44,32,3,4,54,54,5,4,79,58,11,12,62,62,4,4,25,23,1,1,MAR_339,47,45,1,1,62,60,5,4,12,11,3,3,23,19,1,1,18,14,4,6,16,15,2,3,"{""type"":""MultiPoint"",""coordinates"":[]}"
0000000000000000012e_0_0,143,145,8,8,65,64,2,2,24,24,1,0,24,28,3,4,44,32,3,4,54,54,5,4,79,58,11,12,62,62,4,4,25,23,1,1,MAR_340,47,45,1,1,62,60,5,4,12,11,3,3,23,19,1,1,18,14,4,6,16,15,2,3,"{""type"":""MultiPoint"",""coordinates"":[]}"
0000000000000000012f_0_0,143,145,8,8,65,64,2,2,24,24,1,0,24,28,3,4,44,32,3,4,54,54,5,4,79,58,11,12,62,62,4,4,25,23,1,1,MAR_341,47,45,1,1,62,60,5,4,12,11,3,3,23,19,1,1,18,14,4,6,16,15,2,3,"{""type"":""MultiPoint"",""coordinates"":[]}"
00000000000000000130_0_0,143,145,8,8,65,64,2,2,24,24,1,0,24,28,3,4,44,32,3,4,54,54,5,4,79,58,11,12,62,62,4,4,25,23,1,1,MAR_342,47,45,1,1,62,60,5,4,12,11,3,3,23,19,1,1,18,14,4,6,16,15,2,3,"{""type"":""MultiPoint"",""coordinates"":[]}"
00000000000000000131_0_0,143,145,8,8,65,64,2,2,24,24,1,0,24,28,3,4,44,32,3,4,54,54,5,4,79,58,11,12,62,62,4,4,25,23,1,1,MAR_343,47,45,1,1,62,60,5,4,12,11,3,3,23,19,1,1,18,14,4,6,16,15,2,3,"{""type"":""MultiPoint"",""coordinates"":[]}"
00000000000000000132_0_0,144,145,5,5,68,68,3,2,26,26,1,1,22,24,5,5,42,31,3,3,57,57,1,1,71,55,10,12,64,65,1,1,25,22,2,1,MAR_344,46,46,2,2,63,62,4,3,17,16,4,4,22,18,2,2,16,12,3,6,13,13,3,4,"{""type"":""MultiPoint"",""coordinates"":[]}"
00000000000000000133_0_0,144,145,5,5,68,68,3,2,26,26,1,1,22,24,5,5,42,31,3,3,57,57,1,1,71,55,10,12,64,65,1,1,25,22,2,1,MAR_345,46,46,2,2,63,62,4,3,17,16,4,4,22,18,2,2,16,12,3,6,13,13,3,4,"{""type"":""MultiPoint"",""coordinates"":[]}"
00000000000000000135_0_0,144,145,5,5,68,68,3,2,26,26,1,1,22,24,5,5,42,31,3,3,57,57,1,1,71,55,10,12,64,65,1,1,25,22,2,1,MAR_347,46,46,2,2,63,62,4,3,17,16,4,4,22,18,2,2,16,12,3,6,13,13,3,4,"{""type"":""MultiPoint"",""coordinates"":[]}"
00000000000000000137_0_0,144,145,5,5,68,68,3,2,26,26,1,1,22,24,5,5,42,31,3,3,57,57,1,1,71,55,10,12,64,65,1,1,25,22,2,1,MAR_349,46,46,2,2,63,62,4,3,17,16,4,4,22,18,2,2,16,12,3,6,13,13,3,4,"{""type"":""MultiPoint"",""coordinates"":[]}"
00000000000000000139_0_0,144,145,5,5,68,68,3,2,26,26,1,1,22,24,5,5,42,31,3,3,57,57,1,1,71,55,10,12,64,65,1,1,25,22,2,1,MAR_351,46,46,2,2,63,62,4,3,17,16,4,4,22,18,2,2,16,12,3,6,13,13,3,4,"{""type"":""MultiPoint"",""coordinates"":[]}"
0000000000000000013b_0_0,144,145,5,5,68,68,3,2,26,26,1,1,22,24,5,5,42,31,3,3,57,57,1,1,71,55,10,12,64,65,1,1,25,22,2,1,MAR_353,46,46,2,2,63,62,4,3,17,16,4,4,22,18,2,2,16,12,3,6,13,13,3,4,"{""type"":""MultiPoint"",""coordinates"":[]}"
0000000000000000013d_0_0,144,145,5,5,68,68,3,2,26,26,1,1,22,24,5,5,42,31,3,3,57,57,1,1,71,55,10,12,64,65,1,1,25,22,2,1,MAR_355,46,46,2,2,63,62,4,3,17,16,4,4,22,18,2,2,16,12,3,6,13,13,3,4,"{""type"":""MultiPoint"",""coordinates"":[]}"
0000000000000000013f_0_0,144,145,5,5,68,68,3,2,26,26,1,1,22,24,5,5,42,31,3,3,57,57,1,1,71,55,10,12,64,65,1,1,25,22,2,1,MAR_357,46,46,2,2,63,62,4,3,17,16,4,4,22,18,2,2,16,12,3,6,13,13,3,4,"{""type"":""MultiPoint"",""coordinates"":[]}"
00000000000000000140_0_0,144,145,5,5,68,68,3,2,26,26,1,1,22,24,5,5,42,31,3,3,57,57,1,1,71,55,10,12,64,65,1,1,25,22,2,1,MAR_359,46,46,2,2,63,62,4,3,17,16,4,4,22,18,2,2,16,12,3,6,13,13,3,4,"{""type"":""MultiPoint"",""coordinates"":[]}"
00000000000000000141_0_0,144,145,5,5,68,68,3,2,26,26,1,1,22,24,5,5,42,31,3,3,57,57,1,1,71,55,10,12,64,65,1,1,25,22,2,1,MAR_360,46,46,2,2,63,62,4,3,17,16,4,4,22,18,2,2,16,12,3,6,13,13,3,4,"{""type"":""MultiPoint"",""coordinates"":[]}"
00000000000000000142_0_0,144,145,5,5,68,68,3,2,26,26,1,1,22,24,5,5,42,31,3,3,57,57,1,1,71,55,10,12,64,65,1,1,25,22,2,1,MAR_361,46,46,2,2,63,62,4,3,17,16,4,4,22,18,2,2,16,12,3,6,13,13,3,4,"{""type"":""MultiPoint"",""coordinates"":[]}"
00000000000000000146_0_0,144,145,5,5,68,68,3,2,26,26,1,1,22,24,5,5,42,31,3,3,57,57,1,1,71,55,10,12,64,65,1,1,25,22,2,1,MAR_365,46,46,2,2,63,62,4,3,17,16,4,4,22,18,2,2,16,12,3,6,13,13,3,4,"{""type"":""MultiPoint"",""coordinates"":[]}"
00000000000000000147_0_0,144,146,9,9,64,63,3,3,25,25,1,0,22,26,2,3,43,31,3,3,55,55,3,3,69,50,9,12,63,63,3,3,25,23,2,2,MAR_366,45,44,1,2,62,62,4,3,14,14,4,2,22,17,1,2,19,14,4,6,16,15,3,3,"{""type"":""MultiPoint"",""coordinates"":[]}"
00000000000000000148_0_0,144,145,5,5,68,68,3,2,26,26,1,1,22,24,5,5,42,31,3,3,57,57,1,1,71,55,10,12,64,65,1,1,25,22,2,1,MAR_367,46,46,2,2,63,62,4,3,17,16,4,4,22,18,2,2,16,12,3,6,13,13,3,4,"{""type"":""MultiPoint"",""coordinates"":[]}"
0000000000000000014c_0_0,141,144,4,4,68,67,2,1,26,26,1,1,20,22,2,3,42,31,3,3,54,55,2,2,57,41,9,11,63,64,2,2,22,20,1,0,MAR_371,46,44,2,2,66,62,3,4,12,11,2,2,20,16,2,2,17,13,3,6,16,15,1,2,"{""type"":""MultiPoint"",""coordinates"":[]}"
00000000000000000150_0_0,144,145,5,5,68,68,3,2,26,26,1,1,22,24,5,5,42,31,3,3,57,57,1,1,71,55,10,12,64,65,1,1,25,22,2,1,MAR_375,46,46,2,2,63,62,4,3,17,16,4,4,22,18,2,2,16,12,3,6,13,13,3,4,"{""type"":""MultiPoint"",""coordinates"":[]}"
00000000000000000151_0_0,144,145,5,5,68,68,3,2,26,26,1,1,22,24,5,5,42,31,3,3,57,57,1,1,71,55,10,12,64,65,1,1,25,22,2,1,MAR_376,46,46,2,2,63,62,4,3,17,16,4,4,22,18,2,2,16,12,3,6,13,13,3,4,"{""type"":""MultiPoint"",""coordinates"":[]}"
00000000000000000153_0_0,144,145,5,5,68,68,3,2,26,26,1,1,22,24,5,5,42,31,3,3,57,57,1,1,71,55,10,12,64,65,1,1,25,22,2,1,MAR_378,46,46,2,2,63,62,4,3,17,16,4,4,22,18,2,2,16,12,3,6,13,13,3,4,"{""type"":""MultiPoint"",""coordinates"":[]}"
00000000000000000154_0_0,144,145,5,5,68,68,3,2,26,26,1,1,22,24,5,5,42,31,3,3,57,57,1,1,71,55,10,12,64,65,1,1,25,22,2,1,MAR_379,46,46,2,2,63,62,4,3,17,16,4,4,22,18,2,2,16,12,3,6,13,13,3,4,"{""type"":""MultiPoint"",""coordinates"":[]}"
00000000000000000157_0_0,141,144,3,3,66,66,3,2,26,25,1,1,22,24,5,4,43,33,3,4,57,57,0,0,72,54,9,12,66,66,1,1,23,22,1,1,MAR_382,46,45,2,1,62,60,5,4,14,14,3,4,22,18,1,1,16,11,3,5,16,15,2,3,"{""type"":""MultiPoint"",""coordinates"":[]}"
00000000000000000158_0_0,142,145,3,4,67,67,2,2,25,24,1,1,17,20,2,3,44,33,4,5,55,55,0,0,55,44,8,10,66,67,1,1,23,20,2,1,MAR_383,44,43,2,1,66,63,4,4,15,14,4,4,19,15,2,1,16,13,4,6,14,14,2,2,"{""type"":""MultiPoint"",""coordinates"":[]}"
00000000000000000159_0_0,142,145,3,4,67,67,2,2,25,24,1,1,17,20,2,3,44,33,4,5,55,55,0,0,55,44,8,10,66,67,1,1,23,20,2,1,MAR_384,44,43,2,1,66,63,4,4,15,14,4,4,19,15,2,1,16,13,4,6,14,14,2,2,"{""type"":""MultiPoint"",""coordinates"":[]}"
0000000000000000015a_0_0,142,145,3,4,67,67,2,2,25,24,1,1,17,20,2,3,44,33,4,5,55,55,0,0,55,44,8,10,66,67,1,1,23,20,2,1,MAR_385,44,43,2,1,66,63,4,4,15,14,4,4,19,15,2,1,16,13,4,6,14,14,2,2,"{""type"":""MultiPoint"",""coordinates"":[]}"
0000000000000000015b_0_0,141,144,3,3,66,66,3,2,26,25,1,1,22,24,5,4,43,33,3,4,57,57,0,0,72,54,9,12,66,66,1,1,23,22,1,1,MAR_386,46,45,2,1,62,60,5,4,14,14,3,4,22,18,1,1,16,11,3,5,16,15,2,3,"{""type"":""MultiPoint"",""coordinates"":[]}"
0000000000000000015c_0_0,141,144,3,3,66,66,3,2,26,25,1,1,22,24,5,4,43,33,3,4,57,57,0,0,72,54,9,12,66,66,1,1,23,22,1,1,MAR_387,46,45,2,1,62,60,5,4,14,14,3,4,22,18,1,1,16,11,3,5,16,15,2,3,"{""type"":""MultiPoint"",""coordinates"":[]}"
0000000000000000015d_0_0,142,145,3,4,67,67,2,2,25,24,1,1,17,20,2,3,44,33,4,5,55,55,0,0,55,44,8,10,66,67,1,1,23,20,2,1,MAR_388,44,43,2,1,66,63,4,4,15,14,4,4,19,15,2,1,16,13,4,6,14,14,2,2,"{""type"":""MultiPoint"",""coordinates"":[]}"
0000000000000000015e_0_0,142,144,4,4,67,65,2,1,26,26,1,1,21,24,1,3,42,30,3,4,53,53,2,2,59,47,8,11,63,63,2,2,22,19,1,0,MAR_389,46,44,2,2,66,61,3,4,12,11,2,2,20,17,1,1,15,11,3,6,15,15,1,1,"{""type"":""MultiPoint"",""coordinates"":[]}"
0000000000000000015f_0_0,149,150,3,4,66,66,1,0,21,21,1,1,16,21,1,1,42,31,3,5,52,53,2,2,54,42,9,10,67,67,1,1,23,20,1,1,MAR_390,45,44,3,2,72,70,2,2,13,12,3,3,19,15,1,1,14,10,3,6,13,13,3,3,"{""type"":""MultiPoint"",""coordinates"":[]}"
00000000000000000160_0_0,142,144,4,4,67,65,2,1,26,26,1,1,21,24,1,3,42,30,3,4,53,53,2,2,59,47,8,11,63,63,2,2,22,19,1,0,MAR_391,46,44,2,2,66,61,3,4,12,11,2,2,20,17,1,1,15,11,3,6,15,15,1,1,"{""type"":""MultiPoint"",""coordinates"":[]}"
00000000000000000161_0_0,142,144,4,4,67,65,2,1,26,26,1,1,21,24,1,3,42,30,3,4,53,53,2,2,59,47,8,11,63,63,2,2,22,19,1,0,MAR_392,46,44,2,2,66,61,3,4,12,11,2,2,20,17,1,1,15,11,3,6,15,15,1,1,"{""type"":""MultiPoint"",""coordinates"":[]}"
00000000000000000162_0_0,142,144,4,4,67,65,2,1,26,26,1,1,21,24,1,3,42,30,3,4,53,53,2,2,59,47,8,11,63,63,2,2,22,19,1,0,MAR_393,46,44,2,2,66,61,3,4,12,11,2,2,20,17,1,1,15,11,3,6,15,15,1,1,"{""type"":""MultiPoint"",""coordinates"":[]}"
00000000000000000163_0_0,142,144,4,4,67,65,2,1,26,26,1,1,21,24,1,3,42,30,3,4,53,53,2,2,59,47,8,11,63,63,2,2,22,19,1,0,MAR_394,46,44,2,2,66,61,3,4,12,11,2,2,20,17,1,1,15,11,3,6,15,15,1,1,"{""type"":""MultiPoint"",""coordinates"":[]}"
00000000000000000164_0_0,142,144,4,4,67,65,2,1,26,26,1,1,21,24,1,3,42,30,3,4,53,53,2,2,59,47,8,11,63,63,2,2,22,19,1,0,MAR_395,46,44,2,2,66,61,3,4,12,11,2,2,20,17,1,1,15,11,3,6,15,15,1,1,"{""type"":""MultiPoint"",""coordinates"":[]}"
00000000000000000165_0_0,149,150,3,4,66,66,1,0,21,21,1,1,16,21,1,1,42,31,3,5,52,53,2,2,54,42,9,10,67,67,1,1,23,20,1,1,MAR_396,45,44,3,2,72,70,2,2,13,12,3,3,19,15,1,1,14,10,3,6,13,13,3,3,"{""type"":""MultiPoint"",""coordinates"":[]}"
00000000000000000166_0_0,142,144,4,4,67,65,2,1,26,26,1,1,21,24,1,3,42,30,3,4,53,53,2,2,59,47,8,11,63,63,2,2,22,19,1,0,MAR_397,46,44,2,2,66,61,3,4,12,11,2,2,20,17,1,1,15,11,3,6,15,15,1,1,"{""type"":""MultiPoint"",""coordinates"":[]}"
00000000000000000167_0_0,149,150,3,4,66,66,1,0,21,21,1,1,16,21,1,1,42,31,3,5,52,53,2,2,54,42,9,10,67,67,1,1,23,20,1,1,MAR_398,45,44,3,2,72,70,2,2,13,12,3,3,19,15,1,1,14,10,3,6,13,13,3,3,"{""type"":""MultiPoint"",""coordinates"":[]}"
00000000000000000168_0_0,142,144,4,4,67,65,2,1,26,26,1,1,21,24,1,3,42,30,3,4,53,53,2,2,59,47,8,11,63,63,2,2,22,19,1,0,MAR_399,46,44,2,2,66,61,3,4,12,11,2,2,20,17,1,1,15,11,3,6,15,15,1,1,"{""type"":""MultiPoint"",""coordinates"":[]}"
00000000000000000169_0_0,142,144,4,4,67,65,2,1,26,26,1,1,21,24,1,3,42,30,3,4,53,53,2,2,59,47,8,11,63,63,2,2,22,19,1,0,MAR_400,46,44,2,2,66,61,3,4,12,11,2,2,20,17,1,1,15,11,3,6,15,15,1,1,"{""type"":""MultiPoint"",""coordinates"":[]}"
0000000000000000016a_0_0,149,150,3,4,66,66,1,0,21,21,1,1,16,21,1,1,42,31,3,5,52,53,2,2,54,42,9,10,67,67,1,1,23,20,1,1,MAR_401,45,44,3,2,72,70,2,2,13,12,3,3,19,15,1,1,14,10,3,6,13,13,3,3,"{""type"":""MultiPoint"",""coordinates"":[]}"
0000000000000000016b_0_0,149,150,3,4,66,66,1,0,21,21,1,1,16,21,1,1,42,31,3,5,52,53,2,2,54,42,9,10,67,67,1,1,23,20,1,1,MAR_402,45,44,3,2,72,70,2,2,13,12,3,3,19,15,1,1,14,10,3,6,13,13,3,3,"{""type"":""MultiPoint"",""coordinates"":[]}"
0000000000000000016c_0_0,149,150,3,4,66,66,1,0,21,21,1,1,16,21,1,1,42,31,3,5,52,53,2,2,54,42,9,10,67,67,1,1,23,20,1,1,MAR_403,45,44,3,2,72,70,2,2,13,12,3,3,19,15,1,1,14,10,3,6,13,13,3,3,"{""type"":""MultiPoint"",""coordinates"":[]}"
0000000000000000016d_0_0,149,150,3,4,66,66,1,0,21,21,1,1,16,21,1,1,42,31,3,5,52,53,2,2,54,42,9,10,67,67,1,1,23,20,1,1,MAR_404,45,44,3,2,72,70,2,2,13,12,3,3,19,15,1,1,14,10,3,6,13,13,3,3,"{""type"":""MultiPoint"",""coordinates"":[]}"
00000000000000000136_0_0,143,145,3,3,68,68,1,1,24,24,0,0,18,21,4,4,44,33,4,4,53,54,1,1,61,49,9,10,67,68,1,1,22,20,1,1,MAR_348,48,47,2,2,68,68,3,2,13,13,2,2,19,14,1,1,16,12,4,6,14,13,2,3,"{""type"":""MultiPoint"",""coordinates"":[]}"
0000000000000000013a_0_0,141,144,4,4,68,67,2,1,26,26,1,1,20,22,2,3,42,31,3,3,54,55,2,2,57,41,9,11,63,64,2,2,22,20,1,0,MAR_352,46,44,2,2,66,62,3,4,12,11,2,2,20,16,2,2,17,13,3,6,16,15,1,2,"{""type"":""MultiPoint"",""coordinates"":[]}"
0000000000000000013e_0_0,141,144,4,4,68,67,2,1,26,26,1,1,20,22,2,3,42,31,3,3,54,55,2,2,57,41,9,11,63,64,2,2,22,20,1,0,MAR_356,46,44,2,2,66,62,3,4,12,11,2,2,20,16,2,2,17,13,3,6,16,15,1,2,"{""type"":""MultiPoint"",""coordinates"":[]}"
00000000000000000143_0_0,143,145,3,3,68,68,1,1,24,24,0,0,18,21,4,4,44,33,4,4,53,54,1,1,61,49,9,10,67,68,1,1,22,20,1,1,MAR_362,48,47,2,2,68,68,3,2,13,13,2,2,19,14,1,1,16,12,4,6,14,13,2,3,"{""type"":""MultiPoint"",""coordinates"":[]}"
00000000000000000144_0_0,143,145,3,3,68,68,1,1,24,24,0,0,18,21,4,4,44,33,4,4,53,54,1,1,61,49,9,10,67,68,1,1,22,20,1,1,MAR_363,48,47,2,2,68,68,3,2,13,13,2,2,19,14,1,1,16,12,4,6,14,13,2,3,"{""type"":""MultiPoint"",""coordinates"":[]}"
0000000000000000014a_0_0,143,145,3,3,68,68,1,1,24,24,0,0,18,21,4,4,44,33,4,4,53,54,1,1,61,49,9,10,67,68,1,1,22,20,1,1,MAR_369,48,47,2,2,68,68,3,2,13,13,2,2,19,14,1,1,16,12,4,6,14,13,2,3,"{""type"":""MultiPoint"",""coordinates"":[]}"
0000000000000000014b_0_0,143,145,3,3,68,68,1,1,24,24,0,0,18,21,4,4,44,33,4,4,53,54,1,1,61,49,9,10,67,68,1,1,22,20,1,1,MAR_370,48,47,2,2,68,68,3,2,13,13,2,2,19,14,1,1,16,12,4,6,14,13,2,3,"{""type"":""MultiPoint"",""coordinates"":[]}"
0000000000000000014e_0_0,143,145,3,3,68,68,1,1,24,24,0,0,18,21,4,4,44,33,4,4,53,54,1,1,61,49,9,10,67,68,1,1,22,20,1,1,MAR_373,48,47,2,2,68,68,3,2,13,13,2,2,19,14,1,1,16,12,4,6,14,13,2,3,"{""type"":""MultiPoint"",""coordinates"":[]}"
0000000000000000014f_0_0,143,145,3,3,68,68,1,1,24,24,0,0,18,21,4,4,44,33,4,4,53,54,1,1,61,49,9,10,67,68,1,1,22,20,1,1,MAR_374,48,47,2,2,68,68,3,2,13,13,2,2,19,14,1,1,16,12,4,6,14,13,2,3,"{""type"":""MultiPoint"",""coordinates"":[]}"
00000000000000000152_0_0,143,145,3,3,68,68,1,1,24,24,0,0,18,21,4,4,44,33,4,4,53,54,1,1,61,49,9,10,67,68,1,1,22,20,1,1,MAR_377,48,47,2,2,68,68,3,2,13,13,2,2,19,14,1,1,16,12,4,6,14,13,2,3,"{""type"":""MultiPoint"",""coordinates"":[]}"
00000000000000000155_0_0,143,145,3,3,68,68,1,1,24,24,0,0,18,21,4,4,44,33,4,4,53,54,1,1,61,49,9,10,67,68,1,1,22,20,1,1,MAR_380,48,47,2,2,68,68,3,2,13,13,2,2,19,14,1,1,16,12,4,6,14,13,2,3,"{""type"":""MultiPoint"",""coordinates"":[]}"
00000000000000000156_0_0,143,145,3,3,68,68,1,1,24,24,0,0,18,21,4,4,44,33,4,4,53,54,1,1,61,49,9,10,67,68,1,1,22,20,1,1,MAR_381,48,47,2,2,68,68,3,2,13,13,2,2,19,14,1,1,16,12,4,6,14,13,2,3,"{""type"":""MultiPoint"",""coordinates"":[]}"
