plot_id,country_iso3,plot_shape,plot_area,latitude_of_centre,longitude_of_centre,census_date
MAR_1,MOZ,circle,0.125663706143592,-15.271106,36.485275,2015
MAR_2,MOZ,circle,0.125663706143592,-15.269273,36.485329,2015
MAR_3,MOZ,circle,0.125663706143592,-15.282653,36.488617,2015
MAR_4,MOZ,circle,0.125663706143592,-15.280858,36.488645,2015
MAR_5,MOZ,circle,0.125663706143592,-15.272123,36.501926,2015
MAR_6,MOZ,circle,0.125663706143592,-15.270338,36.501956,2015
MAR_7,MOZ,circle,0.125663706143592,-15.262356,36.503577,2015
MAR_9,MOZ,circle,0.125663706143592,-15.277197,36.51721,2015
MAR_10,MOZ,circle,0.125663706143592,-15.278989,36.517193,2015
MAR_11,MOZ,circle,0.125663706143592,-15.255569,36.535876,2015
MAR_12,MOZ,circle,0.125663706143592,-15.257395,36.535874,2015
MAR_13,MOZ,circle,0.125663706143592,-15.461672,36.572664,2015
MAR_14,MOZ,circle,0.125663706143592,-15.472584,36.581423,2015
MAR_15,MOZ,circle,0.125663706143592,-15.470758,36.581459,2015
MAR_16,MOZ,circle,0.125663706143592,-15.446462,36.583948,2015
MAR_18,MOZ,circle,0.125663706143592,-15.458768,36.589737,2015
MAR_19,MOZ,circle,0.125663706143592,-15.456959,36.589763,2015
MAR_22,MOZ,circle,0.125663706143592,-15.456775,36.593471,2015
MAR_23,MOZ,circle,0.125663706143592,-15.454983,36.593499,2015
MAR_24,MOZ,circle,0.125663706143592,-15.1794,36.600052,2015
MAR_25,MOZ,circle,0.125663706143592,-15.177598,36.600099,2015
MAR_26,MOZ,circle,0.125663706143592,-15.459837,36.598094,2015
MAR_27,MOZ,circle,0.125663706143592,-15.315722,36.614249,2015
MAR_28,MOZ,circle,0.125663706143592,-15.31391,36.614274,2015
MAR_30,MOZ,circle,0.125663706143592,-15.317267,36.624573,2015
MAR_31,MOZ,circle,0.125663706143592,-15.315461,36.6246,2015
MAR_32,MOZ,circle,0.125663706143592,-15.186064,36.627062,2015
MAR_33,MOZ,circle,0.125663706143592,-15.187868,36.627075,2015
MAR_34,MOZ,circle,0.125663706143592,-15.178692,36.62822,2015
MAR_35,MOZ,circle,0.125663706143592,-15.176818,36.628413,2015
MAR_36,MOZ,circle,0.125663706143592,-15.185206,36.628595,2015
MAR_37,MOZ,circle,0.125663706143592,-15.157387,36.631452,2015
MAR_38,MOZ,circle,0.125663706143592,-15.159184,36.631447,2015
MAR_39,MOZ,circle,0.125663706143592,-15.166776,36.637088,2015
MAR_40,MOZ,circle,0.125663706143592,-15.164971,36.637112,2015
MAR_41,MOZ,circle,0.125663706143592,-15.181983,36.637962,2015
MAR_42,MOZ,circle,0.125663706143592,-15.177583,36.639165,2015
MAR_43,MOZ,circle,0.125663706143592,-15.191554,36.639347,2015
MAR_44,MOZ,circle,0.125663706143592,-15.15255,36.639996,2015
MAR_45,MOZ,circle,0.125663706143592,-15.154373,36.639978,2015
MAR_46,MOZ,circle,0.125663706143592,-15.158788,36.642421,2015
MAR_47,MOZ,circle,0.125663706143592,-15.160372,36.642437,2015
MAR_48,MOZ,circle,0.125663706143592,-15.264528,36.643259,2015
MAR_49,MOZ,circle,0.125663706143592,-15.262879,36.643376,2015
MAR_50,MOZ,circle,0.125663706143592,-15.185207,36.647416,2015
MAR_51,MOZ,circle,0.125663706143592,-15.173652,36.648421,2015
MAR_52,MOZ,circle,0.125663706143592,-15.188365,36.654014,2015
MAR_53,MOZ,circle,0.125663706143592,-15.179872,36.65628,2015
MAR_54,MOZ,circle,0.125663706143592,-15.315685,36.655885,2015
MAR_56,MOZ,circle,0.125663706143592,-15.287222,36.658705,2015
MAR_57,MOZ,circle,0.125663706143592,-15.285396,36.658726,2015
MAR_58,MOZ,circle,0.125663706143592,-15.176882,36.661331,2015
MAR_59,MOZ,circle,0.125663706143592,-15.304241,36.662298,2015
MAR_60,MOZ,circle,0.125663706143592,-15.302446,36.662327,2015
MAR_61,MOZ,circle,0.125663706143592,-15.175144,36.665955,2015
MAR_62,MOZ,circle,0.125663706143592,-15.183121,36.668777,2015
MAR_63,MOZ,circle,0.125663706143592,-15.151132,36.671082,2015
MAR_64,MOZ,circle,0.125663706143592,-15.149324,36.671117,2015
MAR_65,MOZ,circle,0.125663706143592,-15.155581,36.673708,2015
MAR_66,MOZ,circle,0.125663706143592,-15.153755,36.673742,2015
MAR_67,MOZ,circle,0.125663706143592,-15.246798,36.675191,2015
MAR_68,MOZ,circle,0.125663706143592,-15.244971,36.675229,2015
MAR_69,MOZ,circle,0.125663706143592,-15.261528,36.679144,2015
MAR_71,MOZ,circle,0.125663706143592,-15.256741,36.68744,2015
MAR_72,MOZ,circle,0.125663706143592,-15.257016,36.69015,2015
MAR_73,MOZ,circle,0.125663706143592,-15.357022,36.691894,2015
MAR_74,MOZ,circle,0.125663706143592,-15.355247,36.691923,2015
MAR_75,MOZ,circle,0.125663706143592,-15.177789,36.694566,2015
MAR_76,MOZ,circle,0.125663706143592,-15.359214,36.692864,2015
MAR_77,MOZ,circle,0.125663706143592,-15.357429,36.692936,2015
MAR_78,MOZ,circle,0.125663706143592,-15.175335,36.697231,2015
MAR_80,MOZ,circle,0.125663706143592,-15.162688,36.698978,2015
MAR_81,MOZ,circle,0.125663706143592,-15.359459,36.697417,2015
MAR_84,MOZ,circle,0.125663706143592,-15.266153,36.699615,2015
MAR_85,MOZ,circle,0.125663706143592,-15.264351,36.699651,2015
MAR_87,MOZ,circle,0.125663706143592,-15.363889,36.704231,2015
MAR_88,MOZ,circle,0.125663706143592,-15.36192,36.705191,2015
MAR_89,MOZ,circle,0.125663706143592,-15.363713,36.705209,2015
MAR_90,MOZ,circle,0.125663706143592,-15.25975,36.707569,2015
MAR_91,MOZ,circle,0.125663706143592,-15.261564,36.707556,2015
MAR_92,MOZ,circle,0.125663706143592,-15.348655,36.708697,2015
MAR_93,MOZ,circle,0.125663706143592,-15.358737,36.710659,2015
MAR_94,MOZ,circle,0.125663706143592,-15.356734,36.710691,2015
MAR_97,MOZ,circle,0.125663706143592,-15.253377,36.754705,2015
MAR_99,MOZ,circle,0.125663706143592,-15.222133,36.755998,2015
MAR_100,MOZ,circle,0.125663706143592,-15.220336,36.75603,2015
MAR_102,MOZ,circle,0.125663706143592,-15.233552,36.764527,2015
MAR_105,MOZ,circle,0.125663706143592,-15.257087,36.767228,2015
MAR_106,MOZ,circle,0.125663706143592,-15.241373,36.767823,2015
MAR_107,MOZ,circle,0.125663706143592,-15.23956,36.767845,2015
MAR_109,MOZ,circle,0.125663706143592,-15.257786,36.768517,2015
MAR_111,MOZ,circle,0.125663706143592,-15.266368,36.769682,2015
MAR_113,MOZ,circle,0.125663706143592,-15.259267,36.774661,2015
MAR_114,MOZ,circle,0.125663706143592,-15.272768,36.777802,2015
MAR_117,MOZ,circle,0.125663706143592,-15.227946,36.78072,2015
MAR_118,MOZ,circle,0.125663706143592,-15.22976,36.780715,2015
MAR_119,MOZ,circle,0.125663706143592,-15.063113,36.99339,2015
MAR_120,MOZ,circle,0.125663706143592,-15.061309,36.993413,2015
MAR_121,MOZ,circle,0.125663706143592,-15.095333,36.995054,2015
MAR_122,MOZ,circle,0.125663706143592,-15.092912,37.006439,2015
MAR_123,MOZ,circle,0.125663706143592,-13.408128,37.383515,2015
MAR_124,MOZ,circle,0.125663706143592,-13.407528,37.400956,2015
MAR_125,MOZ,circle,0.125663706143592,-13.405948,37.385143,2015
MAR_126,MOZ,circle,0.125663706143592,-13.405359,37.402568,2015
MAR_127,MOZ,circle,0.125663706143592,-13.394995,37.39837,2015
MAR_128,MOZ,circle,0.125663706143592,-13.392806,37.399996,2015
MAR_129,MOZ,circle,0.125663706143592,-13.389484,37.414367,2015
MAR_130,MOZ,circle,0.125663706143592,-13.38732,37.416009,2015
MAR_131,MOZ,circle,0.125663706143592,-13.378111,37.380545,2015
MAR_132,MOZ,circle,0.125663706143592,-13.375935,37.382164,2015
MAR_133,MOZ,circle,0.125663706143592,-13.374807,37.406821,2015
MAR_134,MOZ,circle,0.125663706143592,-13.373121,37.410778,2015
MAR_135,MOZ,circle,0.125663706143592,-13.371005,37.410883,2015
MAR_136,MOZ,circle,0.125663706143592,-13.370005,37.410789,2015
MAR_137,MOZ,circle,0.125663706143592,-13.369503,37.427826,2015
MAR_138,MOZ,circle,0.125663706143592,-13.367764,37.414477,2015
MAR_139,MOZ,circle,0.125663706143592,-13.366429,37.427873,2015
MAR_140,MOZ,circle,0.125663706143592,-13.364697,37.414471,2015
MAR_141,MOZ,circle,0.125663706143592,-13.362556,37.386087,2015
MAR_142,MOZ,circle,0.125663706143592,-13.360803,37.391229,2015
MAR_143,MOZ,circle,0.125663706143592,-13.360388,37.387721,2015
MAR_144,MOZ,circle,0.125663706143592,-13.360155,37.421975,2015
MAR_145,MOZ,circle,0.125663706143592,-13.35776,37.391256,2015
MAR_146,MOZ,circle,0.125663706143592,-13.357089,37.421982,2015
MAR_147,MOZ,circle,0.125663706143592,-13.340217,37.433666,2015
MAR_148,MOZ,circle,0.125663706143592,-13.337872,37.395294,2015
MAR_149,MOZ,circle,0.125663706143592,-13.336734,37.433706,2015
MAR_150,MOZ,circle,0.125663706143592,-13.335647,37.422342,2015
MAR_151,MOZ,circle,0.125663706143592,-13.334378,37.395323,2015
MAR_152,MOZ,circle,0.125663706143592,-13.332148,37.424516,2015
MAR_153,MOZ,circle,0.125663706143592,-13.332134,37.422381,2015
MAR_154,MOZ,circle,0.125663706143592,-13.328644,37.42454,2015
MAR_155,MOZ,circle,0.125663706143592,-13.32742,37.430335,2015
MAR_156,MOZ,circle,0.125663706143592,-13.324385,37.407696,2015
MAR_157,MOZ,circle,0.125663706143592,-13.323905,37.430398,2015
MAR_158,MOZ,circle,0.125663706143592,-13.321346,37.41315,2015
MAR_159,MOZ,circle,0.125663706143592,-13.320889,37.407736,2015
MAR_160,MOZ,circle,0.125663706143592,-13.317235,37.413167,2015
MAR_161,MOZ,circle,0.125663706143592,-13.310619,37.46585,2015
MAR_162,MOZ,circle,0.125663706143592,-13.307628,37.42316,2015
MAR_163,MOZ,circle,0.125663706143592,-13.306508,37.465887,2015
MAR_164,MOZ,circle,0.125663706143592,-13.303511,37.423179,2015
MAR_165,MOZ,circle,0.125663706143592,-13.300397,37.589181,2015
MAR_166,MOZ,circle,0.125663706143592,-13.298631,37.422888,2015
MAR_167,MOZ,circle,0.125663706143592,-13.296861,37.589284,2015
MAR_168,MOZ,circle,0.125663706143592,-13.294501,37.422914,2015
MAR_169,MOZ,circle,0.125663706143592,-13.290784,37.494925,2015
MAR_170,MOZ,circle,0.125663706143592,-13.28868,37.58107,2015
MAR_172,MOZ,circle,0.125663706143592,-13.285059,37.581218,2015
MAR_173,MOZ,circle,0.125663706143592,-13.280933,37.431365,2015
MAR_174,MOZ,circle,0.125663706143592,-13.279898,37.404974,2015
MAR_175,MOZ,circle,0.125663706143592,-13.280033,37.617903,2015
MAR_176,MOZ,circle,0.125663706143592,-13.279047,37.482755,2015
MAR_177,MOZ,circle,0.125663706143592,-13.278265,37.465861,2015
MAR_178,MOZ,circle,0.125663706143592,-13.278555,37.602184,2015
MAR_179,MOZ,circle,0.125663706143592,-13.27707,37.41618,2015
MAR_180,MOZ,circle,0.125663706143592,-13.276594,37.395839,2015
MAR_181,MOZ,circle,0.125663706143592,-13.276321,37.404995,2015
MAR_182,MOZ,circle,0.125663706143592,-13.276419,37.618025,2015
MAR_183,MOZ,circle,0.125663706143592,-13.27562,37.482543,2015
MAR_184,MOZ,circle,0.125663706143592,-13.273508,37.416186,2015
MAR_185,MOZ,circle,0.125663706143592,-13.273043,37.395849,2015
MAR_186,MOZ,circle,0.125663706143592,-13.27374,37.584478,2015
MAR_187,MOZ,circle,0.125663706143592,-13.27097,37.570814,2015
MAR_188,MOZ,circle,0.125663706143592,-13.270022,37.426559,2015
MAR_189,MOZ,circle,0.125663706143592,-13.270092,37.584611,2015
MAR_190,MOZ,circle,0.125663706143592,-13.266886,37.45683,2015
MAR_191,MOZ,circle,0.125663706143592,-13.267368,37.570944,2015
MAR_192,MOZ,circle,0.125663706143592,-13.266492,37.426586,2015
MAR_193,MOZ,circle,0.125663706143592,-13.263852,37.401133,2015
MAR_194,MOZ,circle,0.125663706143592,-13.263696,37.471815,2015
MAR_195,MOZ,circle,0.125663706143592,-13.263287,37.456614,2015
MAR_196,MOZ,circle,0.125663706143592,-13.262216,37.383487,2015
MAR_197,MOZ,circle,0.125663706143592,-13.262649,37.527497,2015
MAR_198,MOZ,circle,0.125663706143592,-13.262528,37.535263,2015
MAR_199,MOZ,circle,0.125663706143592,-13.261784,37.574034,2015
MAR_200,MOZ,circle,0.125663706143592,-13.26028,37.401155,2015
MAR_201,MOZ,circle,0.125663706143592,-13.260103,37.47151,2015
MAR_202,MOZ,circle,0.125663706143592,-13.258676,37.38349,2015
MAR_203,MOZ,circle,0.125663706143592,-13.259012,37.53517,2015
MAR_204,MOZ,circle,0.125663706143592,-13.258768,37.527887,2015
MAR_205,MOZ,circle,0.125663706143592,-13.256426,37.465865,2015
MAR_207,MOZ,circle,0.125663706143592,-13.253011,37.465637,2015
MAR_208,MOZ,circle,0.125663706143592,-13.252646,37.483708,2015
MAR_209,MOZ,circle,0.125663706143592,-13.250869,37.493893,2015
MAR_210,MOZ,circle,0.125663706143592,-13.249912,37.517815,2015
MAR_211,MOZ,circle,0.125663706143592,-13.247917,37.515317,2015
MAR_212,MOZ,circle,0.125663706143592,-13.247477,37.493678,2015
MAR_214,MOZ,circle,0.125663706143592,-13.24441,37.51519,2015
MAR_215,MOZ,circle,0.125663706143592,-13.24303,37.533747,2015
MAR_217,MOZ,circle,0.125663706143592,-13.242891,37.564762,2015
MAR_218,MOZ,circle,0.125663706143592,-13.24128,37.565984,2015
MAR_219,MOZ,circle,0.125663706143592,-13.239271,37.533612,2015
MAR_220,MOZ,circle,0.125663706143592,-13.239047,37.527166,2015
MAR_222,MOZ,circle,0.125663706143592,-13.238422,37.541463,2015
MAR_223,MOZ,circle,0.125663706143592,-13.237861,37.566715,2015
MAR_224,MOZ,circle,0.125663706143592,-13.237617,37.565997,2015
MAR_225,MOZ,circle,0.125663706143592,-13.237218,37.564291,2015
MAR_226,MOZ,circle,0.125663706143592,-13.229991,37.563929,2015
MAR_227,MOZ,circle,0.125663706143592,-13.227722,37.572497,2015
MAR_228,MOZ,circle,0.125663706143592,-13.226328,37.563939,2015
MAR_229,MOZ,circle,0.125663706143592,-13.224058,37.572504,2015
MAR_230,MOZ,circle,0.125663706143592,-13.222692,37.578868,2015
MAR_231,MOZ,circle,0.125663706143592,-13.137297,37.451408,2015
MAR_232,MOZ,circle,0.125663706143592,-13.135695,37.437989,2015
MAR_233,MOZ,circle,0.125663706143592,-13.135193,37.426451,2015
MAR_234,MOZ,circle,0.125663706143592,-13.13376,37.45117,2015
MAR_235,MOZ,circle,0.125663706143592,-13.13213,37.4377,2015
MAR_236,MOZ,circle,0.125663706143592,-13.131625,37.42621,2015
MAR_237,MOZ,circle,0.125663706143592,-13.128389,37.467831,2015
MAR_238,MOZ,circle,0.125663706143592,-13.127372,37.436689,2015
MAR_239,MOZ,circle,0.125663706143592,-13.125349,37.471627,2015
MAR_240,MOZ,circle,0.125663706143592,-13.121796,37.471373,2015
MAR_241,MOZ,circle,0.125663706143592,-13.115447,37.46112,2015
MAR_242,MOZ,circle,0.125663706143592,-13.113615,37.460981,2015
MAR_243,MOZ,circle,0.125663706143592,-24.00767,32.842999,2014
MAR_244,MOZ,circle,0.125663706143592,-24.002431,32.871749,2014
MAR_245,MOZ,circle,0.125663706143592,-24.000108,32.861936,2014
MAR_246,MOZ,circle,0.125663706143592,-23.997747,32.874729,2014
MAR_247,MOZ,circle,0.125663706143592,-23.992707,32.872003,2014
MAR_248,MOZ,circle,0.125663706143592,-23.983897,32.878139,2014
MAR_249,MOZ,circle,0.125663706143592,-23.983386,32.854725,2014
MAR_250,MOZ,circle,0.125663706143592,-23.9822178,32.84935875,2014
MAR_251,MOZ,circle,0.125663706143592,-23.980824,32.890332,2014
MAR_252,MOZ,circle,0.125663706143592,-23.9775078,32.85433823,2014
MAR_253,MOZ,circle,0.125663706143592,-23.975063,32.883254,2014
MAR_254,MOZ,circle,0.125663706143592,-23.973997,32.905042,2014
MAR_255,MOZ,circle,0.125663706143592,-23.96524,32.855095,2014
MAR_256,MOZ,circle,0.125663706143592,-23.964393,32.875087,2014
MAR_257,MOZ,circle,0.125663706143592,-23.960589,32.848663,2014
MAR_258,MOZ,circle,0.125663706143592,-23.959282,32.69998,2014
MAR_259,MOZ,circle,0.125663706143592,-23.9579456,32.84693965,2014
MAR_260,MOZ,circle,0.125663706143592,-23.956977,32.884469,2014
MAR_261,MOZ,circle,0.125663706143592,-23.955345,32.694032,2014
MAR_262,MOZ,circle,0.125663706143592,-23.955211,32.87274557,2014
MAR_263,MOZ,circle,0.125663706143592,-23.950463,32.695174,2014
MAR_264,MOZ,circle,0.125663706143592,-23.9493907,32.87436529,2014
MAR_265,MOZ,circle,0.125663706143592,-23.948809,32.826704,2014
MAR_266,MOZ,circle,0.125663706143592,-23.948422,32.689168,2014
MAR_267,MOZ,circle,0.125663706143592,-23.947327,32.822782,2014
MAR_268,MOZ,circle,0.125663706143592,-23.945152,32.82279,2014
MAR_269,MOZ,circle,0.125663706143592,-23.943722,32.75748722,2014
MAR_270,MOZ,circle,0.125663706143592,-23.94179,32.753738,2014
MAR_271,MOZ,circle,0.125663706143592,-23.941639,32.870925,2014
MAR_272,MOZ,circle,0.125663706143592,-23.937446,32.710543,2014
MAR_273,MOZ,circle,0.125663706143592,-23.936799,32.696136,2014
MAR_275,MOZ,circle,0.125663706143592,-23.933429,32.700771,2014
MAR_276,MOZ,circle,0.125663706143592,-23.932283,32.700628,2014
MAR_277,MOZ,circle,0.125663706143592,-23.931794,32.736671,2014
MAR_278,MOZ,circle,0.125663706143592,-23.93091,32.681526,2014
MAR_279,MOZ,circle,0.125663706143592,-23.930431,32.736034,2014
MAR_280,MOZ,circle,0.125663706143592,-23.926593,32.693907,2014
MAR_281,MOZ,circle,0.125663706143592,-23.925501,32.724962,2014
MAR_282,MOZ,circle,0.125663706143592,-23.924048,32.713194,2014
MAR_283,MOZ,circle,0.125663706143592,-23.91956,32.717692,2014
MAR_288,MOZ,circle,0.125663706143592,-23.896865,32.717587,2014
MAR_289,MOZ,circle,0.125663706143592,-23.893425,32.713091,2014
MAR_290,MOZ,circle,0.125663706143592,-23.88928,32.722833,2014
MAR_291,MOZ,circle,0.125663706143592,-23.806092,32.721274,2014
MAR_292,MOZ,circle,0.125663706143592,-23.805285,32.722447,2014
MAR_293,MOZ,circle,0.125663706143592,-23.8019617,32.73200183,2014
MAR_294,MOZ,circle,0.125663706143592,-23.799,32.705464,2014
MAR_295,MOZ,circle,0.125663706143592,-23.794446,32.675256,2014
MAR_296,MOZ,circle,0.125663706143592,-23.789794,32.733641,2014
MAR_297,MOZ,circle,0.125663706143592,-23.788018,32.736267,2014
MAR_298,MOZ,circle,0.125663706143592,-23.785231,32.670526,2014
MAR_299,MOZ,circle,0.125663706143592,-23.779463,32.674803,2014
MAR_301,MOZ,circle,0.125663706143592,-23.7734597,32.70915655,2014
MAR_302,MOZ,circle,0.125663706143592,-23.762274,32.714361,2014
MAR_303,MOZ,circle,0.125663706143592,-23.7603118,32.7161597,2014
MAR_305,MOZ,circle,0.125663706143592,-23.758127,32.676573,2014
MAR_306,MOZ,circle,0.125663706143592,-23.758016,32.744318,2014
MAR_307,MOZ,circle,0.125663706143592,-23.756472,32.720107,2014
MAR_309,MOZ,circle,0.125663706143592,-23.7538085,32.71407531,2014
MAR_310,MOZ,circle,0.125663706143592,-23.748761,32.71492,2014
MAR_311,MOZ,circle,0.125663706143592,-23.748399,32.711126,2014
MAR_312,MOZ,circle,0.125663706143592,-23.748377,32.70874,2014
MAR_314,MOZ,circle,0.125663706143592,-23.739614,32.730965,2014
MAR_315,MOZ,circle,0.125663706143592,-23.543869,32.935952,2014
MAR_316,MOZ,circle,0.125663706143592,-23.543612,32.898567,2014
MAR_317,MOZ,circle,0.125663706143592,-23.540683,32.933058,2014
MAR_318,MOZ,circle,0.125663706143592,-23.536855,32.907947,2014
MAR_319,MOZ,circle,0.125663706143592,-23.534703,32.921217,2014
MAR_320,MOZ,circle,0.125663706143592,-23.530021,32.892622,2014
MAR_321,MOZ,circle,0.125663706143592,-23.528636,32.886944,2014
MAR_322,MOZ,circle,0.125663706143592,-23.522791,32.953266,2014
MAR_324,MOZ,circle,0.125663706143592,-23.517558,32.96438,2014
MAR_325,MOZ,circle,0.125663706143592,-23.516842,32.949435,2014
MAR_326,MOZ,circle,0.125663706143592,-23.516209,32.886834,2014
MAR_327,MOZ,circle,0.125663706143592,-23.515204,32.929925,2014
MAR_328,MOZ,circle,0.125663706143592,-23.512285,32.92488,2014
MAR_329,MOZ,circle,0.125663706143592,-23.511228,32.956968,2014
MAR_330,MOZ,circle,0.125663706143592,-23.510773,32.942426,2014
MAR_331,MOZ,circle,0.125663706143592,-23.508245,32.89352,2014
MAR_332,MOZ,circle,0.125663706143592,-23.501534,32.922355,2014
MAR_333,MOZ,circle,0.125663706143592,-23.495954,32.93527,2014
MAR_334,MOZ,circle,0.125663706143592,-23.488021,32.937064,2014
MAR_335,MOZ,circle,0.125663706143592,-23.484392,32.955808,2014
MAR_336,MOZ,circle,0.125663706143592,-23.483283,32.939799,2014
MAR_337,MOZ,circle,0.125663706143592,-23.478295,32.944302,2014
MAR_338,MOZ,circle,0.125663706143592,-23.476424,32.954574,2014
MAR_339,MOZ,circle,0.125663706143592,-23.414513,33.032431,2014
MAR_340,MOZ,circle,0.125663706143592,-23.407507,33.024319,2014
MAR_341,MOZ,circle,0.125663706143592,-23.407084,33.036475,2014
MAR_342,MOZ,circle,0.125663706143592,-23.402352,33.008711,2014
MAR_343,MOZ,circle,0.125663706143592,-23.400129,33.041692,2014
MAR_344,MOZ,circle,0.125663706143592,-23.392543,33.049441,2014
MAR_345,MOZ,circle,0.125663706143592,-23.389001,32.993724,2014
MAR_346,MOZ,circle,0.0706858347057703,-23.387485,32.730353,2014
MAR_347,MOZ,circle,0.125663706143592,-23.387443,33.052171,2014
MAR_348,MOZ,circle,0.196349540849362,-23.383115,32.718211,2014
MAR_349,MOZ,circle,0.125663706143592,-23.381652,33.047121,2014
MAR_350,MOZ,circle,0.0314159265358979,-23.380427,32.723016,2014
MAR_351,MOZ,circle,0.125663706143592,-23.380407,33.025597,2014
MAR_352,MOZ,circle,0.196349540849362,-23.379055,32.729541,2014
MAR_353,MOZ,circle,0.125663706143592,-23.378759,33.057396,2014
MAR_354,MOZ,circle,0.0314159265358979,-23.37729,32.686445,2014
MAR_355,MOZ,circle,0.125663706143592,-23.375828,33.022644,2014
MAR_356,MOZ,circle,0.196349540849362,-23.375182,32.721134,2014
MAR_357,MOZ,circle,0.125663706143592,-23.374097,33.006237,2014
MAR_359,MOZ,circle,0.125663706143592,-23.372017,33.069222,2014
MAR_360,MOZ,circle,0.125663706143592,-23.371733,33.023199,2014
MAR_361,MOZ,circle,0.125663706143592,-23.371664,33.061556,2014
MAR_362,MOZ,circle,0.196349540849362,-23.370989,32.707364,2014
MAR_363,MOZ,circle,0.196349540849362,-23.370799,32.676795,2014
MAR_364,MOZ,circle,0.0706858347057703,-23.369919,32.717715,2014
MAR_365,MOZ,circle,0.125663706143592,-23.36974,32.995358,2014
MAR_366,MOZ,circle,0.125663706143592,-23.369081,33.083167,2014
MAR_367,MOZ,circle,0.125663706143592,-23.365492,33.01916,2014
MAR_368,MOZ,circle,0.0706858347057703,-23.364128,32.727714,2014
MAR_369,MOZ,circle,0.196349540849362,-23.36394,32.667614,2014
MAR_370,MOZ,circle,0.196349540849362,-23.363916,32.669909,2014
MAR_371,MOZ,circle,0.125663706143592,-23.362488,32.737753,2014
MAR_372,MOZ,circle,0.0314159265358979,-23.360939,32.701395,2014
MAR_373,MOZ,circle,0.196349540849362,-23.357613,32.673149,2014
MAR_374,MOZ,circle,0.196349540849362,-23.35535,32.690966,2014
MAR_375,MOZ,circle,0.125663706143592,-23.350566,33.011742,2014
MAR_376,MOZ,circle,0.125663706143592,-23.347694,33.00441,2014
MAR_377,MOZ,circle,0.196349540849362,-23.347324,32.692808,2014
MAR_378,MOZ,circle,0.125663706143592,-23.34398,33.008393,2014
MAR_379,MOZ,circle,0.125663706143592,-23.343418,33.018669,2014
MAR_380,MOZ,circle,0.196349540849362,-23.339742,32.698212,2014
MAR_381,MOZ,circle,0.196349540849362,-23.332828,32.711598,2014
MAR_382,MOZ,circle,0.125663706143592,-23.243348,32.53835,2014
MAR_383,MOZ,circle,0.125663706143592,-23.239398,32.546455,2014
MAR_384,MOZ,circle,0.125663706143592,-23.23146,32.563794,2014
MAR_385,MOZ,circle,0.125663706143592,-23.227436,32.582502,2014
MAR_386,MOZ,circle,0.125663706143592,-23.219442,32.538796,2014
MAR_387,MOZ,circle,0.125663706143592,-23.218984,32.516059,2014
MAR_388,MOZ,circle,0.125663706143592,-23.21775,32.558631,2014
MAR_389,MOZ,circle,0.125663706143592,-23.214641,32.561818,2014
MAR_390,MOZ,circle,0.125663706143592,-23.212344,32.518397,2014
MAR_391,MOZ,circle,0.125663706143592,-23.212465,32.600352,2014
MAR_392,MOZ,circle,0.125663706143592,-23.206462,32.564528,2014
MAR_393,MOZ,circle,0.125663706143592,-23.203567,32.590424,2014
MAR_394,MOZ,circle,0.125663706143592,-23.201,32.59481,2014
MAR_395,MOZ,circle,0.125663706143592,-23.200658,32.565024,2014
MAR_396,MOZ,circle,0.125663706143592,-23.195448,32.531999,2014
MAR_397,MOZ,circle,0.125663706143592,-23.186956,32.558806,2014
MAR_398,MOZ,circle,0.125663706143592,-23.184135,32.536364,2014
MAR_399,MOZ,circle,0.125663706143592,-23.182095,32.549238,2014
MAR_400,MOZ,circle,0.125663706143592,-23.180134,32.543848,2014
MAR_401,MOZ,circle,0.125663706143592,-23.17537,32.541338,2014
MAR_402,MOZ,circle,0.125663706143592,-23.174209,32.533937,2014
MAR_403,MOZ,circle,0.125663706143592,-23.174158,32.540356,2014
MAR_404,MOZ,circle,0.125663706143592,-23.171873,32.539858,2014
