,UMAP1,UMAP2,UMAP3,genus
Adansonia,-0.13050399287569503,1.1087221928501838,0.8341964697224195,Adansonia
Afzelia,-1.5748675621083037,-2.112785945085822,-0.6798169511150772,Afzelia
Aganope,-1.4200200575292432,-1.6596788384959493,0.12150844344316096,Aganope
Albizia,-1.1906171990782553,-1.2886574392976051,-0.7776074774375109,Albizia
Aloe,-0.45812854843792683,1.6646066150767553,0.4093872564163594,Aloe
Androstachys,-0.9899606687417694,-3.4432201940637115,-4.009802353723946,Androstachys
Annona,-0.2989133659104906,0.880441393736914,0.7034466012826226,Annona
Antidesma,0.9392463028918374,3.1561325499438992,1.8162968079290758,Antidesma
Artabotrys,-1.5518332693197237,-1.7234033462998155,0.3123441301613624,Artabotrys
Asparagus,-0.12448964614750772,1.3682237336123293,0.924737660709295,Asparagus
Balanites,-1.2310597559255763,-0.5329581992560725,0.5186916391160912,Balanites
Bauhinia,-0.5935141599520729,1.5032590309308844,0.658662628389524,Bauhinia
Berchemia,-0.26282157105976417,1.3935266006200089,0.8735278227705061,Berchemia
Bobgunnia,0.735075150450868,2.8978899919075785,1.9918717347937984,Bobgunnia
Boscia,-3.071226647344045,-3.6614513091269334,1.2165838524235426,Boscia
Brachystegia,0.8482687235066545,3.2128896730507064,1.5335572677107465,Brachystegia
Bridelia,0.26339048286535277,3.126403997146946,1.380584564709458,Bridelia
Burkea,0.5738176163913956,2.4125906441959475,2.088320400850893,Burkea
Cassia,-0.463970503538029,0.33638266212296863,0.26284692962396916,Cassia
Catunaregam,0.4735719449865669,2.8791823309829945,1.4440154672031196,Catunaregam
Cercidoideae,-0.28280204519547775,0.9914645785825298,0.42793176483229384,Cercidoideae
Cissus,1.0084078853318201,2.8932943301170937,1.4363129340224652,Cissus
Colophospermum,-4.774134248969291,-5.581491520874667,0.0315086608699242,Colophospermum
Combretum,-1.218071972729921,-0.8944657349809444,0.48526313348839745,Combretum
Commiphora,-1.7456607365027323,-1.499296003191726,0.39814436471240416,Commiphora
Crossopteryx,0.04785110238289679,1.992106764624838,1.0930419362215678,Crossopteryx
Croton,-1.5186019199790242,-2.940761785909491,-1.863404440769936,Croton
Cussonia,0.1433556092109874,1.5683306132091237,0.9291731108492755,Cussonia
Dalbergia,-0.16135472210465954,1.7605752621899502,0.9969879648038625,Dalbergia
Dalbergiella,0.6291637478716036,3.212571052556475,1.5319640278877076,Dalbergiella
Dichrostachys,-0.955406461295757,-0.26201190313420425,0.6403006704712539,Dichrostachys
Diospyros,-0.3405187007853774,1.29498300831975,1.0101522196726602,Diospyros
Diplorhynchus,0.37761197530112295,2.259081947525225,1.1943720641732942,Diplorhynchus
Erythrina,0.5551053984318284,3.135895383849324,1.4771621250936364,Erythrina
Erythrophleum,0.4425601554220339,2.6409402514669904,1.6273243162623767,Erythrophleum
Faurea,0.7313502348894191,3.5186056430179455,2.3603656470213417,Faurea
Ficus,-0.17551268010388202,1.766569247600465,1.7003374372954003,Ficus
Flacourtia,0.6962898995112567,3.4159023590063815,2.0463980782585276,Flacourtia
Garcinia,0.2738631005574804,2.762318725506422,1.8459932465371311,Garcinia
Gardenia,-1.705095577332814,-2.1142707751929404,0.2476234250206037,Gardenia
Glenniea,-4.28390835488596,-5.150640318181248,0.19232377693677502,Glenniea
Grewia,-2.7445204732142368,-4.1224405389582595,-1.5154032974262714,Grewia
Guibourtia,-1.9691926709402754,-2.7289729295464102,-0.4263391092099599,Guibourtia
Hymenocardia,0.1819643928859074,2.4162377142692484,1.7924582882940339,Hymenocardia
Indet,-0.7748989538581931,0.1653232904695393,0.13916159205410086,Indet
Julbernardia,0.4960943881460509,3.2267339358816027,1.7581290451602876,Julbernardia
Kigelia,-0.5402334184247893,0.5276825584680843,0.45814713073246977,Kigelia
Lannea,-0.19959437647490197,1.0472566917475095,0.6691360739718877,Lannea
Lecaniodiscus,0.2332817526596723,2.285308059617843,1.6987346479894188,Lecaniodiscus
Maerua,-1.9060593054914232,-3.1874077707456854,-1.6877399343446642,Maerua
Manilkara,-2.1212790845734246,-2.0306435136779037,-0.09240502098830754,Manilkara
Margaritaria,-0.6025893491707138,0.730633649307979,0.09296790575784558,Margaritaria
Monotes,0.5073350474706675,3.1003183286856433,2.1838890816865173,Monotes
Moringa,1.1693636642607192,3.365559722318362,1.0685923823745385,Moringa
Newtonia,-1.5471961559868999,-2.764004907792628,-1.8677494734412698,Newtonia
Ochna,1.0510789743144517,3.488251677720864,1.6165656334498713,Ochna
Olax,-0.05310897652874621,2.258818066719031,1.5517704365905785,Olax
Ozoroa,1.0214598331294833,2.9624093970164074,1.4715379913918194,Ozoroa
Pappea,-4.640671129697459,-5.462933881867169,0.24002705591444437,Pappea
Parinari,0.9282205585153038,3.405123042427601,2.2904519268405688,Parinari
Pericopsis,0.2746486192551438,2.433910379600987,1.4655320751806433,Pericopsis
Philenoptera,-0.18922628169442202,1.3597782078049652,0.6050685819411095,Philenoptera
Phyllocosmus,0.787772388524732,3.2313271838125566,1.8450567891121037,Phyllocosmus
Piliostigma,-0.4743552833869768,0.5115046076831331,0.8788221356753705,Piliostigma
Pleurostylia,0.6256948795331145,3.3270003270776822,2.493933306235648,Pleurostylia
Pseudolachnostylis,0.4713100977390003,2.813292670828807,1.5143755156269127,Pseudolachnostylis
Ptaeroxylon,-2.5400208447653703,-3.825384501720835,-1.2749523626888313,Ptaeroxylon
Pteleopsis,0.33785813484169036,2.384888994851898,1.5732518969779052,Pteleopsis
Pterocarpus,0.22732172732348618,1.5144145124014907,1.2211812274719447,Pterocarpus
Salvadora,-0.8631985085806033,-3.543217815450481,-4.451515528191311,Salvadora
Sclerocarya,-1.5404758551377102,-1.4189216491444778,0.0609583361568066,Sclerocarya
Senegalia,-2.832477352681064,-3.333692531528621,-0.3851588753353741,Senegalia
Senna,0.9561996406510993,3.1474975367885434,1.2644240308190355,Senna
Spirostachys,-3.921344477931856,-4.764580647534768,0.31349278813403786,Spirostachys
Steganotaenia,-0.3011685939662134,1.2038684937249036,0.6197943493439345,Steganotaenia
Sterculia,-0.08908223308856165,0.972416604130173,0.7032165513679361,Sterculia
Stereospermum,-0.10632505778371114,1.163945501691933,0.4670844009203164,Stereospermum
Strychnos,-0.8536742988721681,-0.10095834783930645,0.7785727429733303,Strychnos
Syzygium,0.8406638020219916,3.702309433633701,2.655847295630819,Syzygium
Tamarindus,-0.561450407905819,0.9955390956479395,0.3888204871491782,Tamarindus
Terminalia,-0.7655892354014715,0.18983932114163526,0.906142656343697,Terminalia
Thespesia,-0.6578827151982434,0.08776921191553112,0.1585166938897007,Thespesia
Uapaca,0.8488631250670589,3.628876833501919,2.330825110526494,Uapaca
Vachellia,-1.4915692226667947,-0.22236356161552584,0.9056090665163267,Vachellia
Vernonia,-0.47098265139091033,0.45230910872395347,0.2777394914670319,Vernonia
Vitex,0.5248288931251558,2.387048890788388,1.3487589713397519,Vitex
Zanha,0.44991225056075923,2.8207645243444053,1.2848254370497485,Zanha
Ziziphus,0.6667682758385837,3.3494313113903442,1.4292133678773804,Ziziphus
